Pays,nom_standard,nom_sans_accent,nom_standard_majuscule,dep_code
Suisse,Aeugst am Albis,Aeugst am Albis,AEUGST AM ALBIS,101
Suisse,Affoltern am Albis,Affoltern am Albis,AFFOLTERN AM ALBIS,101
Suisse,Bonstetten,Bonstetten,BONSTETTEN,101
Suisse,Hausen am Albis,Hausen am Albis,HAUSEN AM ALBIS,101
Suisse,Hedingen,Hedingen,HEDINGEN,101
Suisse,Kappel am Albis,Kappel am Albis,KAPPEL AM ALBIS,101
Suisse,Knonau,Knonau,KNONAU,101
Suisse,Maschwanden,Maschwanden,MASCHWANDEN,101
Suisse,Mettmenstetten,Mettmenstetten,METTMENSTETTEN,101
Suisse,Obfelden,Obfelden,OBFELDEN,101
Suisse,Ottenbach,Ottenbach,OTTENBACH,101
Suisse,Rifferswil,Rifferswil,RIFFERSWIL,101
Suisse,Stallikon,Stallikon,STALLIKON,101
Suisse,Wettswil am Albis,Wettswil am Albis,WETTSWIL AM ALBIS,101
Suisse,Benken (ZH),Benken (ZH),BENKEN (ZH),102
Suisse,Berg am Irchel,Berg am Irchel,BERG AM IRCHEL,102
Suisse,Buch am Irchel,Buch am Irchel,BUCH AM IRCHEL,102
Suisse,Dachsen,Dachsen,DACHSEN,102
Suisse,Dorf,Dorf,DORF,102
Suisse,Feuerthalen,Feuerthalen,FEUERTHALEN,102
Suisse,Flaach,Flaach,FLAACH,102
Suisse,Flurlingen,Flurlingen,FLURLINGEN,102
Suisse,Henggart,Henggart,HENGGART,102
Suisse,Kleinandelfingen,Kleinandelfingen,KLEINANDELFINGEN,102
Suisse,Laufen-Uhwiesen,Laufen-Uhwiesen,LAUFEN-UHWIESEN,102
Suisse,Marthalen,Marthalen,MARTHALEN,102
Suisse,Ossingen,Ossingen,OSSINGEN,102
Suisse,Rheinau,Rheinau,RHEINAU,102
Suisse,Thalheim an der Thur,Thalheim an der Thur,THALHEIM AN DER THUR,102
Suisse,Trüllikon,Trullikon,TRÜLLIKON,102
Suisse,Truttikon,Truttikon,TRUTTIKON,102
Suisse,Volken,Volken,VOLKEN,102
Suisse,Bachenbülach,Bachenbulach,BACHENBÜLACH,103
Suisse,Bassersdorf,Bassersdorf,BASSERSDORF,103
Suisse,Bülach,Bulach,BÜLACH,103
Suisse,Dietlikon,Dietlikon,DIETLIKON,103
Suisse,Eglisau,Eglisau,EGLISAU,103
Suisse,Embrach,Embrach,EMBRACH,103
Suisse,Freienstein-Teufen,Freienstein-Teufen,FREIENSTEIN-TEUFEN,103
Suisse,Glattfelden,Glattfelden,GLATTFELDEN,103
Suisse,Hochfelden,Hochfelden,HOCHFELDEN,103
Suisse,Höri,Hori,HÖRI,103
Suisse,Hüntwangen,Huntwangen,HÜNTWANGEN,103
Suisse,Kloten,Kloten,KLOTEN,103
Suisse,Lufingen,Lufingen,LUFINGEN,103
Suisse,Nürensdorf,Nurensdorf,NÜRENSDORF,103
Suisse,Oberembrach,Oberembrach,OBEREMBRACH,103
Suisse,Opfikon,Opfikon,OPFIKON,103
Suisse,Rafz,Rafz,RAFZ,103
Suisse,Rorbas,Rorbas,RORBAS,103
Suisse,Wallisellen,Wallisellen,WALLISELLEN,103
Suisse,Wasterkingen,Wasterkingen,WASTERKINGEN,103
Suisse,Wil (ZH),Wil (ZH),WIL (ZH),103
Suisse,Winkel,Winkel,WINKEL,103
Suisse,Bachs,Bachs,BACHS,104
Suisse,Boppelsen,Boppelsen,BOPPELSEN,104
Suisse,Buchs (ZH),Buchs (ZH),BUCHS (ZH),104
Suisse,Dällikon,Dallikon,DÄLLIKON,104
Suisse,Dänikon,Danikon,DÄNIKON,104
Suisse,Dielsdorf,Dielsdorf,DIELSDORF,104
Suisse,Hüttikon,Huttikon,HÜTTIKON,104
Suisse,Neerach,Neerach,NEERACH,104
Suisse,Niederglatt,Niederglatt,NIEDERGLATT,104
Suisse,Niederhasli,Niederhasli,NIEDERHASLI,104
Suisse,Niederweningen,Niederweningen,NIEDERWENINGEN,104
Suisse,Oberglatt,Oberglatt,OBERGLATT,104
Suisse,Oberweningen,Oberweningen,OBERWENINGEN,104
Suisse,Otelfingen,Otelfingen,OTELFINGEN,104
Suisse,Regensberg,Regensberg,REGENSBERG,104
Suisse,Regensdorf,Regensdorf,REGENSDORF,104
Suisse,Rümlang,Rumlang,RÜMLANG,104
Suisse,Schleinikon,Schleinikon,SCHLEINIKON,104
Suisse,Schöfflisdorf,Schofflisdorf,SCHÖFFLISDORF,104
Suisse,Stadel,Stadel,STADEL,104
Suisse,Steinmaur,Steinmaur,STEINMAUR,104
Suisse,Weiach,Weiach,WEIACH,104
Suisse,Bäretswil,Baretswil,BÄRETSWIL,105
Suisse,Bubikon,Bubikon,BUBIKON,105
Suisse,Dürnten,Durnten,DÜRNTEN,105
Suisse,Fischenthal,Fischenthal,FISCHENTHAL,105
Suisse,Gossau (ZH),Gossau (ZH),GOSSAU (ZH),105
Suisse,Grüningen,Gruningen,GRÜNINGEN,105
Suisse,Hinwil,Hinwil,HINWIL,105
Suisse,Rüti (ZH),Ruti (ZH),RÜTI (ZH),105
Suisse,Seegräben,Seegraben,SEEGRÄBEN,105
Suisse,Wald (ZH),Wald (ZH),WALD (ZH),105
Suisse,Wetzikon (ZH),Wetzikon (ZH),WETZIKON (ZH),105
Suisse,Adliswil,Adliswil,ADLISWIL,106
Suisse,Kilchberg (ZH),Kilchberg (ZH),KILCHBERG (ZH),106
Suisse,Langnau am Albis,Langnau am Albis,LANGNAU AM ALBIS,106
Suisse,Oberrieden,Oberrieden,OBERRIEDEN,106
Suisse,Richterswil,Richterswil,RICHTERSWIL,106
Suisse,Rüschlikon,Ruschlikon,RÜSCHLIKON,106
Suisse,Thalwil,Thalwil,THALWIL,106
Suisse,Erlenbach (ZH),Erlenbach (ZH),ERLENBACH (ZH),107
Suisse,Herrliberg,Herrliberg,HERRLIBERG,107
Suisse,Hombrechtikon,Hombrechtikon,HOMBRECHTIKON,107
Suisse,Küsnacht (ZH),Kusnacht (ZH),KÜSNACHT (ZH),107
Suisse,Männedorf,Mannedorf,MÄNNEDORF,107
Suisse,Meilen,Meilen,MEILEN,107
Suisse,Oetwil am See,Oetwil am See,OETWIL AM SEE,107
Suisse,Stäfa,Stafa,STÄFA,107
Suisse,Uetikon am See,Uetikon am See,UETIKON AM SEE,107
Suisse,Zumikon,Zumikon,ZUMIKON,107
Suisse,Zollikon,Zollikon,ZOLLIKON,107
Suisse,Fehraltorf,Fehraltorf,FEHRALTORF,108
Suisse,Hittnau,Hittnau,HITTNAU,108
Suisse,Lindau,Lindau,LINDAU,108
Suisse,Pfäffikon,Pfaffikon,PFÄFFIKON,108
Suisse,Russikon,Russikon,RUSSIKON,108
Suisse,Weisslingen,Weisslingen,WEISSLINGEN,108
Suisse,Wila,Wila,WILA,108
Suisse,Wildberg,Wildberg,WILDBERG,108
Suisse,Dübendorf,Dubendorf,DÜBENDORF,109
Suisse,Egg,Egg,EGG,109
Suisse,Fällanden,Fallanden,FÄLLANDEN,109
Suisse,Greifensee,Greifensee,GREIFENSEE,109
Suisse,Maur,Maur,MAUR,109
Suisse,Mönchaltorf,Monchaltorf,MÖNCHALTORF,109
Suisse,Schwerzenbach,Schwerzenbach,SCHWERZENBACH,109
Suisse,Uster,Uster,USTER,109
Suisse,Volketswil,Volketswil,VOLKETSWIL,109
Suisse,Wangen-Brüttisellen,Wangen-Bruttisellen,WANGEN-BRÜTTISELLEN,109
Suisse,Altikon,Altikon,ALTIKON,110
Suisse,Brütten,Brutten,BRÜTTEN,110
Suisse,Dägerlen,Dagerlen,DÄGERLEN,110
Suisse,Dättlikon,Dattlikon,DÄTTLIKON,110
Suisse,Dinhard,Dinhard,DINHARD,110
Suisse,Ellikon an der Thur,Ellikon an der Thur,ELLIKON AN DER THUR,110
Suisse,Elsau,Elsau,ELSAU,110
Suisse,Hagenbuch,Hagenbuch,HAGENBUCH,110
Suisse,Hettlingen,Hettlingen,HETTLINGEN,110
Suisse,Neftenbach,Neftenbach,NEFTENBACH,110
Suisse,Pfungen,Pfungen,PFUNGEN,110
Suisse,Rickenbach (ZH),Rickenbach (ZH),RICKENBACH (ZH),110
Suisse,Schlatt (ZH),Schlatt (ZH),SCHLATT (ZH),110
Suisse,Seuzach,Seuzach,SEUZACH,110
Suisse,Turbenthal,Turbenthal,TURBENTHAL,110
Suisse,Winterthur,Winterthur,WINTERTHUR,110
Suisse,Zell (ZH),Zell (ZH),ZELL (ZH),110
Suisse,Aesch (ZH),Aesch (ZH),AESCH (ZH),111
Suisse,Birmensdorf (ZH),Birmensdorf (ZH),BIRMENSDORF (ZH),111
Suisse,Dietikon,Dietikon,DIETIKON,111
Suisse,Geroldswil,Geroldswil,GEROLDSWIL,111
Suisse,Oberengstringen,Oberengstringen,OBERENGSTRINGEN,111
Suisse,Oetwil an der Limmat,Oetwil an der Limmat,OETWIL AN DER LIMMAT,111
Suisse,Schlieren,Schlieren,SCHLIEREN,111
Suisse,Uitikon,Uitikon,UITIKON,111
Suisse,Unterengstringen,Unterengstringen,UNTERENGSTRINGEN,111
Suisse,Urdorf,Urdorf,URDORF,111
Suisse,Weiningen (ZH),Weiningen (ZH),WEININGEN (ZH),111
Suisse,Zürich,Zurich,ZÜRICH,112
Suisse,Andelfingen,Andelfingen,ANDELFINGEN,102
Suisse,Stammheim,Stammheim,STAMMHEIM,102
Suisse,Wädenswil,Wadenswil,WÄDENSWIL,106
Suisse,Elgg,Elgg,ELGG,110
Suisse,Horgen,Horgen,HORGEN,106
Suisse,Illnau-Effretikon,Illnau-Effretikon,ILLNAU-EFFRETIKON,108
Suisse,Bauma,Bauma,BAUMA,108
Suisse,Wiesendangen,Wiesendangen,WIESENDANGEN,110
Suisse,Aarberg,Aarberg,AARBERG,243
Suisse,Bargen (BE),Bargen (BE),BARGEN (BE),243
Suisse,Grossaffoltern,Grossaffoltern,GROSSAFFOLTERN,243
Suisse,Kallnach,Kallnach,KALLNACH,243
Suisse,Kappelen,Kappelen,KAPPELEN,243
Suisse,Lyss,Lyss,LYSS,243
Suisse,Meikirch,Meikirch,MEIKIRCH,246
Suisse,Radelfingen,Radelfingen,RADELFINGEN,243
Suisse,Rapperswil (BE),Rapperswil (BE),RAPPERSWIL (BE),243
Suisse,Schüpfen,Schupfen,SCHÜPFEN,243
Suisse,Seedorf (BE),Seedorf (BE),SEEDORF (BE),243
Suisse,Aarwangen,Aarwangen,AARWANGEN,244
Suisse,Auswil,Auswil,AUSWIL,244
Suisse,Bannwil,Bannwil,BANNWIL,244
Suisse,Bleienbach,Bleienbach,BLEIENBACH,244
Suisse,Busswil bei Melchnau,Busswil bei Melchnau,BUSSWIL BEI MELCHNAU,244
Suisse,Gondiswil,Gondiswil,GONDISWIL,244
Suisse,Langenthal,Langenthal,LANGENTHAL,244
Suisse,Lotzwil,Lotzwil,LOTZWIL,244
Suisse,Madiswil,Madiswil,MADISWIL,244
Suisse,Melchnau,Melchnau,MELCHNAU,244
Suisse,Oeschenbach,Oeschenbach,OESCHENBACH,244
Suisse,Reisiswil,Reisiswil,REISISWIL,244
Suisse,Roggwil (BE),Roggwil (BE),ROGGWIL (BE),244
Suisse,Rohrbach,Rohrbach,ROHRBACH,244
Suisse,Rohrbachgraben,Rohrbachgraben,ROHRBACHGRABEN,244
Suisse,Rütschelen,Rutschelen,RÜTSCHELEN,244
Suisse,Schwarzhäusern,Schwarzhausern,SCHWARZHÄUSERN,244
Suisse,Thunstetten,Thunstetten,THUNSTETTEN,244
Suisse,Ursenbach,Ursenbach,URSENBACH,244
Suisse,Wynau,Wynau,WYNAU,244
Suisse,Bern,Bern,BERN,246
Suisse,Bolligen,Bolligen,BOLLIGEN,246
Suisse,Bremgarten bei Bern,Bremgarten bei Bern,BREMGARTEN BEI BERN,246
Suisse,Kirchlindach,Kirchlindach,KIRCHLINDACH,246
Suisse,Köniz,Koniz,KÖNIZ,246
Suisse,Muri bei Bern,Muri bei Bern,MURI BEI BERN,246
Suisse,Oberbalm,Oberbalm,OBERBALM,246
Suisse,Stettlen,Stettlen,STETTLEN,246
Suisse,Vechigen,Vechigen,VECHIGEN,246
Suisse,Wohlen bei Bern,Wohlen bei Bern,WOHLEN BEI BERN,246
Suisse,Zollikofen,Zollikofen,ZOLLIKOFEN,246
Suisse,Ittigen,Ittigen,ITTIGEN,246
Suisse,Ostermundigen,Ostermundigen,OSTERMUNDIGEN,246
Suisse,Biel/Bienne,Biel/Bienne,BIEL/BIENNE,242
Suisse,Evilard,Evilard,EVILARD,242
Suisse,Arch,Arch,ARCH,243
Suisse,Büetigen,Buetigen,BÜETIGEN,243
Suisse,Büren an der Aare,Buren an der Aare,BÜREN AN DER AARE,243
Suisse,Diessbach bei Büren,Diessbach bei Buren,DIESSBACH BEI BÜREN,243
Suisse,Dotzigen,Dotzigen,DOTZIGEN,243
Suisse,Lengnau (BE),Lengnau (BE),LENGNAU (BE),242
Suisse,Leuzigen,Leuzigen,LEUZIGEN,243
Suisse,Meienried,Meienried,MEIENRIED,243
Suisse,Meinisberg,Meinisberg,MEINISBERG,242
Suisse,Oberwil bei Büren,Oberwil bei Buren,OBERWIL BEI BÜREN,243
Suisse,Pieterlen,Pieterlen,PIETERLEN,242
Suisse,Rüti bei Büren,Ruti bei Buren,RÜTI BEI BÜREN,243
Suisse,Wengi,Wengi,WENGI,243
Suisse,Aefligen,Aefligen,AEFLIGEN,245
Suisse,Alchenstorf,Alchenstorf,ALCHENSTORF,245
Suisse,Bäriswil,Bariswil,BÄRISWIL,246
Suisse,Burgdorf,Burgdorf,BURGDORF,245
Suisse,Ersigen,Ersigen,ERSIGEN,245
Suisse,Hasle bei Burgdorf,Hasle bei Burgdorf,HASLE BEI BURGDORF,245
Suisse,Heimiswil,Heimiswil,HEIMISWIL,245
Suisse,Hellsau,Hellsau,HELLSAU,245
Suisse,Hindelbank,Hindelbank,HINDELBANK,245
Suisse,Höchstetten,Hochstetten,HÖCHSTETTEN,245
Suisse,Kernenried,Kernenried,KERNENRIED,245
Suisse,Kirchberg (BE),Kirchberg (BE),KIRCHBERG (BE),245
Suisse,Koppigen,Koppigen,KOPPIGEN,245
Suisse,Krauchthal,Krauchthal,KRAUCHTHAL,245
Suisse,Lyssach,Lyssach,LYSSACH,245
Suisse,Oberburg,Oberburg,OBERBURG,245
Suisse,Rüdtligen-Alchenflüh,Rudtligen-Alchenfluh,RÜDTLIGEN-ALCHENFLÜH,245
Suisse,Rumendingen,Rumendingen,RUMENDINGEN,245
Suisse,Rüti bei Lyssach,Ruti bei Lyssach,RÜTI BEI LYSSACH,245
Suisse,Willadingen,Willadingen,WILLADINGEN,245
Suisse,Wynigen,Wynigen,WYNIGEN,245
Suisse,Corgémont,Corgemont,CORGÉMONT,241
Suisse,Cormoret,Cormoret,CORMORET,241
Suisse,Cortébert,Cortebert,CORTÉBERT,241
Suisse,Courtelary,Courtelary,COURTELARY,241
Suisse,La Ferrière,La Ferriere,LA FERRIÈRE,241
Suisse,Mont-Tramelan,Mont-Tramelan,MONT-TRAMELAN,241
Suisse,Orvin,Orvin,ORVIN,241
Suisse,Renan (BE),Renan (BE),RENAN (BE),241
Suisse,Romont (BE),Romont (BE),ROMONT (BE),241
Suisse,Saint-Imier,Saint-Imier,SAINT-IMIER,241
Suisse,Sonceboz-Sombeval,Sonceboz-Sombeval,SONCEBOZ-SOMBEVAL,241
Suisse,Sonvilier,Sonvilier,SONVILIER,241
Suisse,Tramelan,Tramelan,TRAMELAN,241
Suisse,Villeret,Villeret,VILLERET,241
Suisse,Sauge,Sauge,SAUGE,241
Suisse,Péry-La Heutte,Pery-La Heutte,PÉRY-LA HEUTTE,241
Suisse,Brüttelen,Bruttelen,BRÜTTELEN,243
Suisse,Erlach,Erlach,ERLACH,243
Suisse,Finsterhennen,Finsterhennen,FINSTERHENNEN,243
Suisse,Gals,Gals,GALS,243
Suisse,Gampelen,Gampelen,GAMPELEN,243
Suisse,Ins,Ins,INS,243
Suisse,Lüscherz,Luscherz,LÜSCHERZ,243
Suisse,Müntschemier,Muntschemier,MÜNTSCHEMIER,243
Suisse,Siselen,Siselen,SISELEN,243
Suisse,Treiten,Treiten,TREITEN,243
Suisse,Tschugg,Tschugg,TSCHUGG,243
Suisse,Vinelz,Vinelz,VINELZ,243
Suisse,Bätterkinden,Batterkinden,BÄTTERKINDEN,245
Suisse,Deisswil bei Münchenbuchsee,Deisswil bei Munchenbuchsee,DEISSWIL BEI MÜNCHENBUCHSEE,246
Suisse,Fraubrunnen,Fraubrunnen,FRAUBRUNNEN,246
Suisse,Jegenstorf,Jegenstorf,JEGENSTORF,246
Suisse,Iffwil,Iffwil,IFFWIL,246
Suisse,Mattstetten,Mattstetten,MATTSTETTEN,246
Suisse,Moosseedorf,Moosseedorf,MOOSSEEDORF,246
Suisse,Münchenbuchsee,Munchenbuchsee,MÜNCHENBUCHSEE,246
Suisse,Urtenen-Schönbühl,Urtenen-Schonbuhl,URTENEN-SCHÖNBÜHL,246
Suisse,Utzenstorf,Utzenstorf,UTZENSTORF,245
Suisse,Wiggiswil,Wiggiswil,WIGGISWIL,246
Suisse,Wiler bei Utzenstorf,Wiler bei Utzenstorf,WILER BEI UTZENSTORF,245
Suisse,Zielebach,Zielebach,ZIELEBACH,245
Suisse,Zuzwil (BE),Zuzwil (BE),ZUZWIL (BE),246
Suisse,Adelboden,Adelboden,ADELBODEN,249
Suisse,Aeschi bei Spiez,Aeschi bei Spiez,AESCHI BEI SPIEZ,249
Suisse,Frutigen,Frutigen,FRUTIGEN,249
Suisse,Kandergrund,Kandergrund,KANDERGRUND,249
Suisse,Kandersteg,Kandersteg,KANDERSTEG,249
Suisse,Krattigen,Krattigen,KRATTIGEN,249
Suisse,Reichenbach im Kandertal,Reichenbach im Kandertal,REICHENBACH IM KANDERTAL,249
Suisse,Beatenberg,Beatenberg,BEATENBERG,250
Suisse,Bönigen,Bonigen,BÖNIGEN,250
Suisse,Brienz (BE),Brienz (BE),BRIENZ (BE),250
Suisse,Brienzwiler,Brienzwiler,BRIENZWILER,250
Suisse,Därligen,Darligen,DÄRLIGEN,250
Suisse,Grindelwald,Grindelwald,GRINDELWALD,250
Suisse,Gsteigwiler,Gsteigwiler,GSTEIGWILER,250
Suisse,Gündlischwand,Gundlischwand,GÜNDLISCHWAND,250
Suisse,Habkern,Habkern,HABKERN,250
Suisse,Hofstetten bei Brienz,Hofstetten bei Brienz,HOFSTETTEN BEI BRIENZ,250
Suisse,Interlaken,Interlaken,INTERLAKEN,250
Suisse,Iseltwald,Iseltwald,ISELTWALD,250
Suisse,Lauterbrunnen,Lauterbrunnen,LAUTERBRUNNEN,250
Suisse,Leissigen,Leissigen,LEISSIGEN,250
Suisse,Lütschental,Lutschental,LÜTSCHENTAL,250
Suisse,Matten bei Interlaken,Matten bei Interlaken,MATTEN BEI INTERLAKEN,250
Suisse,Niederried bei Interlaken,Niederried bei Interlaken,NIEDERRIED BEI INTERLAKEN,250
Suisse,Oberried am Brienzersee,Oberried am Brienzersee,OBERRIED AM BRIENZERSEE,250
Suisse,Ringgenberg (BE),Ringgenberg (BE),RINGGENBERG (BE),250
Suisse,Saxeten,Saxeten,SAXETEN,250
Suisse,Schwanden bei Brienz,Schwanden bei Brienz,SCHWANDEN BEI BRIENZ,250
Suisse,Unterseen,Unterseen,UNTERSEEN,250
Suisse,Wilderswil,Wilderswil,WILDERSWIL,250
Suisse,Arni (BE),Arni (BE),ARNI (BE),246
Suisse,Biglen,Biglen,BIGLEN,246
Suisse,Bowil,Bowil,BOWIL,246
Suisse,Brenzikofen,Brenzikofen,BRENZIKOFEN,246
Suisse,Freimettigen,Freimettigen,FREIMETTIGEN,246
Suisse,Grosshöchstetten,Grosshochstetten,GROSSHÖCHSTETTEN,246
Suisse,Häutligen,Hautligen,HÄUTLIGEN,246
Suisse,Herbligen,Herbligen,HERBLIGEN,246
Suisse,Kiesen,Kiesen,KIESEN,246
Suisse,Konolfingen,Konolfingen,KONOLFINGEN,246
Suisse,Landiswil,Landiswil,LANDISWIL,246
Suisse,Linden,Linden,LINDEN,246
Suisse,Mirchel,Mirchel,MIRCHEL,246
Suisse,Münsingen,Munsingen,MÜNSINGEN,246
Suisse,Niederhünigen,Niederhunigen,NIEDERHÜNIGEN,246
Suisse,Oberdiessbach,Oberdiessbach,OBERDIESSBACH,246
Suisse,Oberthal,Oberthal,OBERTHAL,246
Suisse,Oppligen,Oppligen,OPPLIGEN,246
Suisse,Rubigen,Rubigen,RUBIGEN,246
Suisse,Walkringen,Walkringen,WALKRINGEN,246
Suisse,Worb,Worb,WORB,246
Suisse,Zäziwil,Zaziwil,ZÄZIWIL,246
Suisse,Oberhünigen,Oberhunigen,OBERHÜNIGEN,246
Suisse,Allmendingen,Allmendingen,ALLMENDINGEN,246
Suisse,Wichtrach,Wichtrach,WICHTRACH,246
Suisse,Ferenbalm,Ferenbalm,FERENBALM,246
Suisse,Frauenkappelen,Frauenkappelen,FRAUENKAPPELEN,246
Suisse,Gurbrü,Gurbru,GURBRÜ,246
Suisse,Kriechenwil,Kriechenwil,KRIECHENWIL,246
Suisse,Laupen,Laupen,LAUPEN,246
Suisse,Mühleberg,Muhleberg,MÜHLEBERG,246
Suisse,Münchenwiler,Munchenwiler,MÜNCHENWILER,246
Suisse,Neuenegg,Neuenegg,NEUENEGG,246
Suisse,Wileroltigen,Wileroltigen,WILEROLTIGEN,246
Suisse,Belprahon,Belprahon,BELPRAHON,241
Suisse,Champoz,Champoz,CHAMPOZ,241
Suisse,Corcelles (BE),Corcelles (BE),CORCELLES (BE),241
Suisse,Court,Court,COURT,241
Suisse,Crémines,Cremines,CRÉMINES,241
Suisse,Eschert,Eschert,ESCHERT,241
Suisse,Grandval,Grandval,GRANDVAL,241
Suisse,Loveresse,Loveresse,LOVERESSE,241
Suisse,Moutier,Moutier,MOUTIER,241
Suisse,Perrefitte,Perrefitte,PERREFITTE,241
Suisse,Reconvilier,Reconvilier,RECONVILIER,241
Suisse,Roches (BE),Roches (BE),ROCHES (BE),241
Suisse,Saicourt,Saicourt,SAICOURT,241
Suisse,Saules (BE),Saules (BE),SAULES (BE),241
Suisse,Schelten,Schelten,SCHELTEN,241
Suisse,Seehof,Seehof,SEEHOF,241
Suisse,Sorvilier,Sorvilier,SORVILIER,241
Suisse,Tavannes,Tavannes,TAVANNES,241
Suisse,Rebévelier,Rebevelier,REBÉVELIER,241
Suisse,Petit-Val,Petit-Val,PETIT-VAL,241
Suisse,Valbirse,Valbirse,VALBIRSE,241
Suisse,La Neuveville,La Neuveville,LA NEUVEVILLE,241
Suisse,Nods,Nods,NODS,241
Suisse,Plateau de Diesse,Plateau de Diesse,PLATEAU DE DIESSE,241
Suisse,Aegerten,Aegerten,AEGERTEN,242
Suisse,Bellmund,Bellmund,BELLMUND,242
Suisse,Brügg,Brugg,BRÜGG,242
Suisse,Bühl,Buhl,BÜHL,243
Suisse,Epsach,Epsach,EPSACH,243
Suisse,Hagneck,Hagneck,HAGNECK,243
Suisse,Hermrigen,Hermrigen,HERMRIGEN,243
Suisse,Jens,Jens,JENS,243
Suisse,Ipsach,Ipsach,IPSACH,242
Suisse,Ligerz,Ligerz,LIGERZ,242
Suisse,Merzligen,Merzligen,MERZLIGEN,243
Suisse,Mörigen,Morigen,MÖRIGEN,242
Suisse,Nidau,Nidau,NIDAU,242
Suisse,Orpund,Orpund,ORPUND,242
Suisse,Port,Port,PORT,242
Suisse,Safnern,Safnern,SAFNERN,242
Suisse,Scheuren,Scheuren,SCHEUREN,242
Suisse,Schwadernau,Schwadernau,SCHWADERNAU,242
Suisse,Studen (BE),Studen (BE),STUDEN (BE),243
Suisse,Sutz-Lattrigen,Sutz-Lattrigen,SUTZ-LATTRIGEN,242
Suisse,Täuffelen,Tauffelen,TÄUFFELEN,243
Suisse,Walperswil,Walperswil,WALPERSWIL,243
Suisse,Worben,Worben,WORBEN,243
Suisse,Twann-Tüscherz,Twann-Tuscherz,TWANN-TÜSCHERZ,242
Suisse,Därstetten,Darstetten,DÄRSTETTEN,249
Suisse,Diemtigen,Diemtigen,DIEMTIGEN,249
Suisse,Erlenbach im Simmental,Erlenbach im Simmental,ERLENBACH IM SIMMENTAL,249
Suisse,Oberwil im Simmental,Oberwil im Simmental,OBERWIL IM SIMMENTAL,249
Suisse,Reutigen,Reutigen,REUTIGEN,247
Suisse,Spiez,Spiez,SPIEZ,249
Suisse,Wimmis,Wimmis,WIMMIS,249
Suisse,Stocken-Höfen,Stocken-Hofen,STOCKEN-HÖFEN,247
Suisse,Guttannen,Guttannen,GUTTANNEN,250
Suisse,Hasliberg,Hasliberg,HASLIBERG,250
Suisse,Innertkirchen,Innertkirchen,INNERTKIRCHEN,250
Suisse,Meiringen,Meiringen,MEIRINGEN,250
Suisse,Schattenhalb,Schattenhalb,SCHATTENHALB,250
Suisse,Boltigen,Boltigen,BOLTIGEN,248
Suisse,Lenk,Lenk,LENK,248
Suisse,St. Stephan,St. Stephan,ST. STEPHAN,248
Suisse,Zweisimmen,Zweisimmen,ZWEISIMMEN,248
Suisse,Gsteig,Gsteig,GSTEIG,248
Suisse,Lauenen,Lauenen,LAUENEN,248
Suisse,Saanen,Saanen,SAANEN,248
Suisse,Guggisberg,Guggisberg,GUGGISBERG,246
Suisse,Rüschegg,Ruschegg,RÜSCHEGG,246
Suisse,Schwarzenburg,Schwarzenburg,SCHWARZENBURG,246
Suisse,Belp,Belp,BELP,246
Suisse,Burgistein,Burgistein,BURGISTEIN,247
Suisse,Gerzensee,Gerzensee,GERZENSEE,246
Suisse,Gurzelen,Gurzelen,GURZELEN,247
Suisse,Jaberg,Jaberg,JABERG,246
Suisse,Kaufdorf,Kaufdorf,KAUFDORF,246
Suisse,Kehrsatz,Kehrsatz,KEHRSATZ,246
Suisse,Kirchdorf (BE),Kirchdorf (BE),KIRCHDORF (BE),246
Suisse,Niedermuhlern,Niedermuhlern,NIEDERMUHLERN,246
Suisse,Riggisberg,Riggisberg,RIGGISBERG,246
Suisse,Rüeggisberg,Rueggisberg,RÜEGGISBERG,246
Suisse,Seftigen,Seftigen,SEFTIGEN,247
Suisse,Toffen,Toffen,TOFFEN,246
Suisse,Uttigen,Uttigen,UTTIGEN,247
Suisse,Wattenwil,Wattenwil,WATTENWIL,247
Suisse,Wald (BE),Wald (BE),WALD (BE),246
Suisse,Thurnen,Thurnen,THURNEN,246
Suisse,Eggiwil,Eggiwil,EGGIWIL,245
Suisse,Langnau im Emmental,Langnau im Emmental,LANGNAU IM EMMENTAL,245
Suisse,Lauperswil,Lauperswil,LAUPERSWIL,245
Suisse,Röthenbach im Emmental,Rothenbach im Emmental,RÖTHENBACH IM EMMENTAL,245
Suisse,Rüderswil,Ruderswil,RÜDERSWIL,245
Suisse,Schangnau,Schangnau,SCHANGNAU,245
Suisse,Signau,Signau,SIGNAU,245
Suisse,Trub,Trub,TRUB,245
Suisse,Trubschachen,Trubschachen,TRUBSCHACHEN,245
Suisse,Amsoldingen,Amsoldingen,AMSOLDINGEN,247
Suisse,Blumenstein,Blumenstein,BLUMENSTEIN,247
Suisse,Buchholterberg,Buchholterberg,BUCHHOLTERBERG,247
Suisse,Eriz,Eriz,ERIZ,247
Suisse,Fahrni,Fahrni,FAHRNI,247
Suisse,Heiligenschwendi,Heiligenschwendi,HEILIGENSCHWENDI,247
Suisse,Heimberg,Heimberg,HEIMBERG,247
Suisse,Hilterfingen,Hilterfingen,HILTERFINGEN,247
Suisse,Homberg,Homberg,HOMBERG,247
Suisse,Horrenbach-Buchen,Horrenbach-Buchen,HORRENBACH-BUCHEN,247
Suisse,Oberhofen am Thunersee,Oberhofen am Thunersee,OBERHOFEN AM THUNERSEE,247
Suisse,Oberlangenegg,Oberlangenegg,OBERLANGENEGG,247
Suisse,Pohlern,Pohlern,POHLERN,247
Suisse,Sigriswil,Sigriswil,SIGRISWIL,247
Suisse,Steffisburg,Steffisburg,STEFFISBURG,247
Suisse,Teuffenthal (BE),Teuffenthal (BE),TEUFFENTHAL (BE),247
Suisse,Thierachern,Thierachern,THIERACHERN,247
Suisse,Thun,Thun,THUN,247
Suisse,Uebeschi,Uebeschi,UEBESCHI,247
Suisse,Uetendorf,Uetendorf,UETENDORF,247
Suisse,Unterlangenegg,Unterlangenegg,UNTERLANGENEGG,247
Suisse,Wachseldorn,Wachseldorn,WACHSELDORN,247
Suisse,Forst-Längenbühl,Forst-Langenbuhl,FORST-LÄNGENBÜHL,247
Suisse,Affoltern im Emmental,Affoltern im Emmental,AFFOLTERN IM EMMENTAL,245
Suisse,Dürrenroth,Durrenroth,DÜRRENROTH,245
Suisse,Eriswil,Eriswil,ERISWIL,244
Suisse,Huttwil,Huttwil,HUTTWIL,244
Suisse,Lützelflüh,Lutzelfluh,LÜTZELFLÜH,245
Suisse,Rüegsau,Ruegsau,RÜEGSAU,245
Suisse,Sumiswald,Sumiswald,SUMISWALD,245
Suisse,Trachselwald,Trachselwald,TRACHSELWALD,245
Suisse,Walterswil (BE),Walterswil (BE),WALTERSWIL (BE),244
Suisse,Wyssachen,Wyssachen,WYSSACHEN,244
Suisse,Attiswil,Attiswil,ATTISWIL,244
Suisse,Berken,Berken,BERKEN,244
Suisse,Bettenhausen,Bettenhausen,BETTENHAUSEN,244
Suisse,Farnern,Farnern,FARNERN,244
Suisse,Graben,Graben,GRABEN,244
Suisse,Heimenhausen,Heimenhausen,HEIMENHAUSEN,244
Suisse,Herzogenbuchsee,Herzogenbuchsee,HERZOGENBUCHSEE,244
Suisse,Inkwil,Inkwil,INKWIL,244
Suisse,Niederbipp,Niederbipp,NIEDERBIPP,244
Suisse,Niederönz,Niederonz,NIEDERÖNZ,244
Suisse,Oberbipp,Oberbipp,OBERBIPP,244
Suisse,Ochlenberg,Ochlenberg,OCHLENBERG,244
Suisse,Rumisberg,Rumisberg,RUMISBERG,244
Suisse,Seeberg,Seeberg,SEEBERG,244
Suisse,Thörigen,Thorigen,THÖRIGEN,244
Suisse,Walliswil bei Niederbipp,Walliswil bei Niederbipp,WALLISWIL BEI NIEDERBIPP,244
Suisse,Walliswil bei Wangen,Walliswil bei Wangen,WALLISWIL BEI WANGEN,244
Suisse,Wangen an der Aare,Wangen an der Aare,WANGEN AN DER AARE,244
Suisse,Wiedlisbach,Wiedlisbach,WIEDLISBACH,244
Suisse,Doppleschwand,Doppleschwand,DOPPLESCHWAND,316
Suisse,Entlebuch,Entlebuch,ENTLEBUCH,316
Suisse,Flühli,Fluhli,FLÜHLI,316
Suisse,Hasle (LU),Hasle (LU),HASLE (LU),316
Suisse,Romoos,Romoos,ROMOOS,316
Suisse,Schüpfheim,Schupfheim,SCHÜPFHEIM,316
Suisse,Werthenstein,Werthenstein,WERTHENSTEIN,316
Suisse,Escholzmatt-Marbach,Escholzmatt-Marbach,ESCHOLZMATT-MARBACH,316
Suisse,Aesch (LU),Aesch (LU),AESCH (LU),313
Suisse,Ballwil,Ballwil,BALLWIL,313
Suisse,Emmen,Emmen,EMMEN,313
Suisse,Ermensee,Ermensee,ERMENSEE,313
Suisse,Eschenbach (LU),Eschenbach (LU),ESCHENBACH (LU),313
Suisse,Hitzkirch,Hitzkirch,HITZKIRCH,313
Suisse,Hochdorf,Hochdorf,HOCHDORF,313
Suisse,Hohenrain,Hohenrain,HOHENRAIN,313
Suisse,Inwil,Inwil,INWIL,313
Suisse,Rain,Rain,RAIN,313
Suisse,Römerswil,Romerswil,RÖMERSWIL,313
Suisse,Rothenburg,Rothenburg,ROTHENBURG,313
Suisse,Schongau,Schongau,SCHONGAU,313
Suisse,Adligenswil,Adligenswil,ADLIGENSWIL,312
Suisse,Buchrain,Buchrain,BUCHRAIN,312
Suisse,Dierikon,Dierikon,DIERIKON,312
Suisse,Ebikon,Ebikon,EBIKON,312
Suisse,Gisikon,Gisikon,GISIKON,312
Suisse,Greppen,Greppen,GREPPEN,312
Suisse,Horw,Horw,HORW,312
Suisse,Kriens,Kriens,KRIENS,312
Suisse,Luzern,Luzern,LUZERN,311
Suisse,Malters,Malters,MALTERS,312
Suisse,Meggen,Meggen,MEGGEN,312
Suisse,Meierskappel,Meierskappel,MEIERSKAPPEL,312
Suisse,Root,Root,ROOT,312
Suisse,Schwarzenberg,Schwarzenberg,SCHWARZENBERG,312
Suisse,Udligenswil,Udligenswil,UDLIGENSWIL,312
Suisse,Vitznau,Vitznau,VITZNAU,312
Suisse,Weggis,Weggis,WEGGIS,312
Suisse,Beromünster,Beromunster,BEROMÜNSTER,314
Suisse,Büron,Buron,BÜRON,314
Suisse,Buttisholz,Buttisholz,BUTTISHOLZ,314
Suisse,Eich,Eich,EICH,314
Suisse,Geuensee,Geuensee,GEUENSEE,314
Suisse,Grosswangen,Grosswangen,GROSSWANGEN,314
Suisse,Hildisrieden,Hildisrieden,HILDISRIEDEN,314
Suisse,Knutwil,Knutwil,KNUTWIL,314
Suisse,Mauensee,Mauensee,MAUENSEE,314
Suisse,Neuenkirch,Neuenkirch,NEUENKIRCH,314
Suisse,Nottwil,Nottwil,NOTTWIL,314
Suisse,Oberkirch,Oberkirch,OBERKIRCH,314
Suisse,Rickenbach (LU),Rickenbach (LU),RICKENBACH (LU),314
Suisse,Ruswil,Ruswil,RUSWIL,314
Suisse,Schenkon,Schenkon,SCHENKON,314
Suisse,Schlierbach,Schlierbach,SCHLIERBACH,314
Suisse,Sempach,Sempach,SEMPACH,314
Suisse,Sursee,Sursee,SURSEE,314
Suisse,Triengen,Triengen,TRIENGEN,314
Suisse,Wolhusen,Wolhusen,WOLHUSEN,316
Suisse,Alberswil,Alberswil,ALBERSWIL,315
Suisse,Altbüron,Altburon,ALTBÜRON,315
Suisse,Altishofen,Altishofen,ALTISHOFEN,315
Suisse,Dagmersellen,Dagmersellen,DAGMERSELLEN,315
Suisse,Egolzwil,Egolzwil,EGOLZWIL,315
Suisse,Ettiswil,Ettiswil,ETTISWIL,315
Suisse,Fischbach,Fischbach,FISCHBACH,315
Suisse,Grossdietwil,Grossdietwil,GROSSDIETWIL,315
Suisse,Hergiswil bei Willisau,Hergiswil bei Willisau,HERGISWIL BEI WILLISAU,315
Suisse,Luthern,Luthern,LUTHERN,315
Suisse,Menznau,Menznau,MENZNAU,315
Suisse,Nebikon,Nebikon,NEBIKON,315
Suisse,Pfaffnau,Pfaffnau,PFAFFNAU,315
Suisse,Reiden,Reiden,REIDEN,315
Suisse,Roggliswil,Roggliswil,ROGGLISWIL,315
Suisse,Schötz,Schotz,SCHÖTZ,315
Suisse,Ufhusen,Ufhusen,UFHUSEN,315
Suisse,Wauwil,Wauwil,WAUWIL,315
Suisse,Wikon,Wikon,WIKON,315
Suisse,Zell (LU),Zell (LU),ZELL (LU),315
Suisse,Willisau,Willisau,WILLISAU,315
Suisse,Altdorf (UR),Altdorf (UR),ALTDORF (UR),400
Suisse,Andermatt,Andermatt,ANDERMATT,400
Suisse,Attinghausen,Attinghausen,ATTINGHAUSEN,400
Suisse,Bürglen (UR),Burglen (UR),BÜRGLEN (UR),400
Suisse,Erstfeld,Erstfeld,ERSTFELD,400
Suisse,Flüelen,Fluelen,FLÜELEN,400
Suisse,Göschenen,Goschenen,GÖSCHENEN,400
Suisse,Gurtnellen,Gurtnellen,GURTNELLEN,400
Suisse,Hospental,Hospental,HOSPENTAL,400
Suisse,Isenthal,Isenthal,ISENTHAL,400
Suisse,Realp,Realp,REALP,400
Suisse,Schattdorf,Schattdorf,SCHATTDORF,400
Suisse,Seedorf (UR),Seedorf (UR),SEEDORF (UR),400
Suisse,Seelisberg,Seelisberg,SEELISBERG,400
Suisse,Silenen,Silenen,SILENEN,400
Suisse,Sisikon,Sisikon,SISIKON,400
Suisse,Spiringen,Spiringen,SPIRINGEN,400
Suisse,Unterschächen,Unterschachen,UNTERSCHÄCHEN,400
Suisse,Wassen,Wassen,WASSEN,400
Suisse,Einsiedeln,Einsiedeln,EINSIEDELN,501
Suisse,Gersau,Gersau,GERSAU,502
Suisse,Feusisberg,Feusisberg,FEUSISBERG,503
Suisse,Freienbach,Freienbach,FREIENBACH,503
Suisse,Wollerau,Wollerau,WOLLERAU,503
Suisse,Küssnacht (SZ),Kussnacht (SZ),KÜSSNACHT (SZ),504
Suisse,Altendorf,Altendorf,ALTENDORF,505
Suisse,Galgenen,Galgenen,GALGENEN,505
Suisse,Innerthal,Innerthal,INNERTHAL,505
Suisse,Lachen,Lachen,LACHEN,505
Suisse,Reichenburg,Reichenburg,REICHENBURG,505
Suisse,Schübelbach,Schubelbach,SCHÜBELBACH,505
Suisse,Tuggen,Tuggen,TUGGEN,505
Suisse,Vorderthal,Vorderthal,VORDERTHAL,505
Suisse,Wangen (SZ),Wangen (SZ),WANGEN (SZ),505
Suisse,Alpthal,Alpthal,ALPTHAL,506
Suisse,Arth,Arth,ARTH,506
Suisse,Illgau,Illgau,ILLGAU,506
Suisse,Ingenbohl,Ingenbohl,INGENBOHL,506
Suisse,Lauerz,Lauerz,LAUERZ,506
Suisse,Morschach,Morschach,MORSCHACH,506
Suisse,Muotathal,Muotathal,MUOTATHAL,506
Suisse,Oberiberg,Oberiberg,OBERIBERG,506
Suisse,Riemenstalden,Riemenstalden,RIEMENSTALDEN,506
Suisse,Rothenthurm,Rothenthurm,ROTHENTHURM,506
Suisse,Sattel,Sattel,SATTEL,506
Suisse,Schwyz,Schwyz,SCHWYZ,506
Suisse,Steinen,Steinen,STEINEN,506
Suisse,Steinerberg,Steinerberg,STEINERBERG,506
Suisse,Unteriberg,Unteriberg,UNTERIBERG,506
Suisse,Alpnach,Alpnach,ALPNACH,600
Suisse,Engelberg,Engelberg,ENGELBERG,600
Suisse,Giswil,Giswil,GISWIL,600
Suisse,Kerns,Kerns,KERNS,600
Suisse,Lungern,Lungern,LUNGERN,600
Suisse,Sachseln,Sachseln,SACHSELN,600
Suisse,Sarnen,Sarnen,SARNEN,600
Suisse,Beckenried,Beckenried,BECKENRIED,700
Suisse,Buochs,Buochs,BUOCHS,700
Suisse,Dallenwil,Dallenwil,DALLENWIL,700
Suisse,Emmetten,Emmetten,EMMETTEN,700
Suisse,Ennetbürgen,Ennetburgen,ENNETBÜRGEN,700
Suisse,Ennetmoos,Ennetmoos,ENNETMOOS,700
Suisse,Hergiswil (NW),Hergiswil (NW),HERGISWIL (NW),700
Suisse,Oberdorf (NW),Oberdorf (NW),OBERDORF (NW),700
Suisse,Stans,Stans,STANS,700
Suisse,Stansstad,Stansstad,STANSSTAD,700
Suisse,Wolfenschiessen,Wolfenschiessen,WOLFENSCHIESSEN,700
Suisse,Glarus Nord,Glarus Nord,GLARUS NORD,800
Suisse,Glarus Süd,Glarus Sud,GLARUS SÜD,800
Suisse,Glarus,Glarus,GLARUS,800
Suisse,Baar,Baar,BAAR,900
Suisse,Cham,Cham,CHAM,900
Suisse,Hünenberg,Hunenberg,HÜNENBERG,900
Suisse,Menzingen,Menzingen,MENZINGEN,900
Suisse,Neuheim,Neuheim,NEUHEIM,900
Suisse,Oberägeri,Oberageri,OBERÄGERI,900
Suisse,Risch,Risch,RISCH,900
Suisse,Steinhausen,Steinhausen,STEINHAUSEN,900
Suisse,Unterägeri,Unterageri,UNTERÄGERI,900
Suisse,Walchwil,Walchwil,WALCHWIL,900
Suisse,Zug,Zug,ZUG,900
Suisse,Châtillon (FR),Chatillon (FR),CHÂTILLON (FR),1001
Suisse,Cugy (FR),Cugy (FR),CUGY (FR),1001
Suisse,Fétigny,Fetigny,FÉTIGNY,1001
Suisse,Gletterens,Gletterens,GLETTERENS,1001
Suisse,Lully (FR),Lully (FR),LULLY (FR),1001
Suisse,Ménières,Menieres,MÉNIÈRES,1001
Suisse,Montagny (FR),Montagny (FR),MONTAGNY (FR),1001
Suisse,Nuvilly,Nuvilly,NUVILLY,1001
Suisse,Prévondavaux,Prevondavaux,PRÉVONDAVAUX,1001
Suisse,Saint-Aubin (FR),Saint-Aubin (FR),SAINT-AUBIN (FR),1001
Suisse,Sévaz,Sevaz,SÉVAZ,1001
Suisse,Surpierre,Surpierre,SURPIERRE,1001
Suisse,Vallon,Vallon,VALLON,1001
Suisse,Les Montets,Les Montets,LES MONTETS,1001
Suisse,Delley-Portalban,Delley-Portalban,DELLEY-PORTALBAN,1001
Suisse,Belmont-Broye,Belmont-Broye,BELMONT-BROYE,1001
Suisse,Estavayer,Estavayer,ESTAVAYER,1001
Suisse,Cheyres-Châbles,Cheyres-Chables,CHEYRES-CHÂBLES,1001
Suisse,Billens-Hennens,Billens-Hennens,BILLENS-HENNENS,1002
Suisse,Le Châtelard,Le Chatelard,LE CHÂTELARD,1002
Suisse,Châtonnaye,Chatonnaye,CHÂTONNAYE,1002
Suisse,Grangettes,Grangettes,GRANGETTES,1002
Suisse,Massonnens,Massonnens,MASSONNENS,1002
Suisse,Mézières (FR),Mezieres (FR),MÉZIÈRES (FR),1002
Suisse,Romont (FR),Romont (FR),ROMONT (FR),1002
Suisse,Rue,Rue,RUE,1002
Suisse,Siviriez,Siviriez,SIVIRIEZ,1002
Suisse,Ursy,Ursy,URSY,1002
Suisse,Vuisternens-devant-Romont,Vuisternens-devant-Romont,VUISTERNENS-DEVANT-ROMONT,1002
Suisse,Villorsonnens,Villorsonnens,VILLORSONNENS,1002
Suisse,Torny,Torny,TORNY,1002
Suisse,Villaz,Villaz,VILLAZ,1002
Suisse,Haut-Intyamon,Haut-Intyamon,HAUT-INTYAMON,1003
Suisse,Pont-en-Ogoz,Pont-en-Ogoz,PONT-EN-OGOZ,1003
Suisse,Botterens,Botterens,BOTTERENS,1003
Suisse,Broc,Broc,BROC,1003
Suisse,Bulle,Bulle,BULLE,1003
Suisse,Châtel-sur-Montsalvens,Chatel-sur-Montsalvens,CHÂTEL-SUR-MONTSALVENS,1003
Suisse,Corbières,Corbieres,CORBIÈRES,1003
Suisse,Crésuz,Cresuz,CRÉSUZ,1003
Suisse,Echarlens,Echarlens,ECHARLENS,1003
Suisse,Grandvillard,Grandvillard,GRANDVILLARD,1003
Suisse,Gruyères,Gruyeres,GRUYÈRES,1003
Suisse,Hauteville,Hauteville,HAUTEVILLE,1003
Suisse,Jaun,Jaun,JAUN,1003
Suisse,Marsens,Marsens,MARSENS,1003
Suisse,Morlon,Morlon,MORLON,1003
Suisse,Le Pâquier (FR),Le Paquier (FR),LE PÂQUIER (FR),1003
Suisse,Pont-la-Ville,Pont-la-Ville,PONT-LA-VILLE,1003
Suisse,Riaz,Riaz,RIAZ,1003
Suisse,La Roche,La Roche,LA ROCHE,1003
Suisse,Sâles,Sales,SÂLES,1003
Suisse,Sorens,Sorens,SORENS,1003
Suisse,Vaulruz,Vaulruz,VAULRUZ,1003
Suisse,Vuadens,Vuadens,VUADENS,1003
Suisse,Bas-Intyamon,Bas-Intyamon,BAS-INTYAMON,1003
Suisse,Val-de-Charmey,Val-de-Charmey,VAL-DE-CHARMEY,1003
Suisse,Autigny,Autigny,AUTIGNY,1004
Suisse,Avry,Avry,AVRY,1004
Suisse,Belfaux,Belfaux,BELFAUX,1004
Suisse,Chénens,Chenens,CHÉNENS,1004
Suisse,Corminboeuf,Corminboeuf,CORMINBOEUF,1004
Suisse,Cottens (FR),Cottens (FR),COTTENS (FR),1004
Suisse,Ferpicloz,Ferpicloz,FERPICLOZ,1004
Suisse,Fribourg,Fribourg,FRIBOURG,1004
Suisse,Givisiez,Givisiez,GIVISIEZ,1004
Suisse,Granges-Paccot,Granges-Paccot,GRANGES-PACCOT,1004
Suisse,Marly,Marly,MARLY,1004
Suisse,Matran,Matran,MATRAN,1004
Suisse,Neyruz (FR),Neyruz (FR),NEYRUZ (FR),1004
Suisse,Pierrafortscha,Pierrafortscha,PIERRAFORTSCHA,1004
Suisse,Le Mouret,Le Mouret,LE MOURET,1004
Suisse,Treyvaux,Treyvaux,TREYVAUX,1004
Suisse,Villars-sur-Glâne,Villars-sur-Glane,VILLARS-SUR-GLÂNE,1004
Suisse,Villarsel-sur-Marly,Villarsel-sur-Marly,VILLARSEL-SUR-MARLY,1004
Suisse,Hauterive (FR),Hauterive (FR),HAUTERIVE (FR),1004
Suisse,La Brillaz,La Brillaz,LA BRILLAZ,1004
Suisse,La Sonnaz,La Sonnaz,LA SONNAZ,1004
Suisse,Gibloux,Gibloux,GIBLOUX,1004
Suisse,Prez,Prez,PREZ,1004
Suisse,Bois-d'Amont,Bois-d'Amont,BOIS-D'AMONT,1004
Suisse,Grolley-Ponthaux,Grolley-Ponthaux,GROLLEY-PONTHAUX,1004
Suisse,Courgevaux,Courgevaux,COURGEVAUX,1005
Suisse,Courtepin,Courtepin,COURTEPIN,1005
Suisse,Cressier (FR),Cressier (FR),CRESSIER (FR),1005
Suisse,Fräschels,Fraschels,FRÄSCHELS,1005
Suisse,Greng,Greng,GRENG,1005
Suisse,Gurmels,Gurmels,GURMELS,1005
Suisse,Kerzers,Kerzers,KERZERS,1005
Suisse,Kleinbösingen,Kleinbosingen,KLEINBÖSINGEN,1005
Suisse,Meyriez,Meyriez,MEYRIEZ,1005
Suisse,Misery-Courtion,Misery-Courtion,MISERY-COURTION,1005
Suisse,Muntelier,Muntelier,MUNTELIER,1005
Suisse,Murten,Murten,MURTEN,1005
Suisse,Ried bei Kerzers,Ried bei Kerzers,RIED BEI KERZERS,1005
Suisse,Ulmiz,Ulmiz,ULMIZ,1005
Suisse,Mont-Vully,Mont-Vully,MONT-VULLY,1005
Suisse,Brünisried,Brunisried,BRÜNISRIED,1006
Suisse,Düdingen,Dudingen,DÜDINGEN,1006
Suisse,Giffers,Giffers,GIFFERS,1006
Suisse,Bösingen,Bosingen,BÖSINGEN,1006
Suisse,Heitenried,Heitenried,HEITENRIED,1006
Suisse,Plaffeien,Plaffeien,PLAFFEIEN,1006
Suisse,Plasselb,Plasselb,PLASSELB,1006
Suisse,Rechthalten,Rechthalten,RECHTHALTEN,1006
Suisse,St. Silvester,St. Silvester,ST. SILVESTER,1006
Suisse,St. Ursen,St. Ursen,ST. URSEN,1006
Suisse,Schmitten (FR),Schmitten (FR),SCHMITTEN (FR),1006
Suisse,Tafers,Tafers,TAFERS,1006
Suisse,Tentlingen,Tentlingen,TENTLINGEN,1006
Suisse,Ueberstorf,Ueberstorf,UEBERSTORF,1006
Suisse,Wünnewil-Flamatt,Wunnewil-Flamatt,WÜNNEWIL-FLAMATT,1006
Suisse,Attalens,Attalens,ATTALENS,1007
Suisse,Bossonnens,Bossonnens,BOSSONNENS,1007
Suisse,Châtel-Saint-Denis,Chatel-Saint-Denis,CHÂTEL-SAINT-DENIS,1007
Suisse,Granges (Veveyse),Granges (Veveyse),GRANGES (VEVEYSE),1007
Suisse,Remaufens,Remaufens,REMAUFENS,1007
Suisse,Saint-Martin (FR),Saint-Martin (FR),SAINT-MARTIN (FR),1007
Suisse,Semsales,Semsales,SEMSALES,1007
Suisse,Le Flon,Le Flon,LE FLON,1007
Suisse,La Verrerie,La Verrerie,LA VERRERIE,1007
Suisse,Egerkingen,Egerkingen,EGERKINGEN,1101
Suisse,Härkingen,Harkingen,HÄRKINGEN,1101
Suisse,Kestenholz,Kestenholz,KESTENHOLZ,1101
Suisse,Neuendorf,Neuendorf,NEUENDORF,1101
Suisse,Niederbuchsiten,Niederbuchsiten,NIEDERBUCHSITEN,1101
Suisse,Oberbuchsiten,Oberbuchsiten,OBERBUCHSITEN,1101
Suisse,Oensingen,Oensingen,OENSINGEN,1101
Suisse,Wolfwil,Wolfwil,WOLFWIL,1101
Suisse,Aedermannsdorf,Aedermannsdorf,AEDERMANNSDORF,1102
Suisse,Balsthal,Balsthal,BALSTHAL,1102
Suisse,Herbetswil,Herbetswil,HERBETSWIL,1102
Suisse,Holderbank (SO),Holderbank (SO),HOLDERBANK (SO),1102
Suisse,Laupersdorf,Laupersdorf,LAUPERSDORF,1102
Suisse,Matzendorf,Matzendorf,MATZENDORF,1102
Suisse,Mümliswil-Ramiswil,Mumliswil-Ramiswil,MÜMLISWIL-RAMISWIL,1102
Suisse,Welschenrohr-Gänsbrunnen,Welschenrohr-Gansbrunnen,WELSCHENROHR-GÄNSBRUNNEN,1102
Suisse,Biezwil,Biezwil,BIEZWIL,1103
Suisse,Lüterkofen-Ichertswil,Luterkofen-Ichertswil,LÜTERKOFEN-ICHERTSWIL,1103
Suisse,Messen,Messen,MESSEN,1103
Suisse,Schnottwil,Schnottwil,SCHNOTTWIL,1103
Suisse,Unterramsern,Unterramsern,UNTERRAMSERN,1103
Suisse,Lüsslingen-Nennigkofen,Lusslingen-Nennigkofen,LÜSSLINGEN-NENNIGKOFEN,1103
Suisse,Buchegg,Buchegg,BUCHEGG,1103
Suisse,Bättwil,Battwil,BÄTTWIL,1104
Suisse,Büren (SO),Buren (SO),BÜREN (SO),1104
Suisse,Dornach,Dornach,DORNACH,1104
Suisse,Gempen,Gempen,GEMPEN,1104
Suisse,Hochwald,Hochwald,HOCHWALD,1104
Suisse,Hofstetten-Flüh,Hofstetten-Fluh,HOFSTETTEN-FLÜH,1104
Suisse,Metzerlen-Mariastein,Metzerlen-Mariastein,METZERLEN-MARIASTEIN,1104
Suisse,Nuglar-St. Pantaleon,Nuglar-St. Pantaleon,NUGLAR-ST. PANTALEON,1104
Suisse,Rodersdorf,Rodersdorf,RODERSDORF,1104
Suisse,Seewen,Seewen,SEEWEN,1104
Suisse,Witterswil,Witterswil,WITTERSWIL,1104
Suisse,Hauenstein-Ifenthal,Hauenstein-Ifenthal,HAUENSTEIN-IFENTHAL,1105
Suisse,Kienberg,Kienberg,KIENBERG,1105
Suisse,Lostorf,Lostorf,LOSTORF,1105
Suisse,Niedergösgen,Niedergosgen,NIEDERGÖSGEN,1105
Suisse,Obergösgen,Obergosgen,OBERGÖSGEN,1105
Suisse,Stüsslingen,Stusslingen,STÜSSLINGEN,1105
Suisse,Trimbach,Trimbach,TRIMBACH,1105
Suisse,Winznau,Winznau,WINZNAU,1105
Suisse,Wisen (SO),Wisen (SO),WISEN (SO),1105
Suisse,Erlinsbach (SO),Erlinsbach (SO),ERLINSBACH (SO),1105
Suisse,Aeschi (SO),Aeschi (SO),AESCHI (SO),1106
Suisse,Biberist,Biberist,BIBERIST,1106
Suisse,Bolken,Bolken,BOLKEN,1106
Suisse,Deitingen,Deitingen,DEITINGEN,1106
Suisse,Derendingen,Derendingen,DERENDINGEN,1106
Suisse,Etziken,Etziken,ETZIKEN,1106
Suisse,Gerlafingen,Gerlafingen,GERLAFINGEN,1106
Suisse,Halten,Halten,HALTEN,1106
Suisse,Horriwil,Horriwil,HORRIWIL,1106
Suisse,Hüniken,Huniken,HÜNIKEN,1106
Suisse,Kriegstetten,Kriegstetten,KRIEGSTETTEN,1106
Suisse,Lohn-Ammannsegg,Lohn-Ammannsegg,LOHN-AMMANNSEGG,1106
Suisse,Luterbach,Luterbach,LUTERBACH,1106
Suisse,Obergerlafingen,Obergerlafingen,OBERGERLAFINGEN,1106
Suisse,Oekingen,Oekingen,OEKINGEN,1106
Suisse,Recherswil,Recherswil,RECHERSWIL,1106
Suisse,Subingen,Subingen,SUBINGEN,1106
Suisse,Zuchwil,Zuchwil,ZUCHWIL,1106
Suisse,Drei Höfe,Drei Hofe,DREI HÖFE,1106
Suisse,Balm bei Günsberg,Balm bei Gunsberg,BALM BEI GÜNSBERG,1107
Suisse,Bellach,Bellach,BELLACH,1107
Suisse,Bettlach,Bettlach,BETTLACH,1107
Suisse,Feldbrunnen-St. Niklaus,Feldbrunnen-St. Niklaus,FELDBRUNNEN-ST. NIKLAUS,1107
Suisse,Flumenthal,Flumenthal,FLUMENTHAL,1107
Suisse,Grenchen,Grenchen,GRENCHEN,1107
Suisse,Günsberg,Gunsberg,GÜNSBERG,1107
Suisse,Hubersdorf,Hubersdorf,HUBERSDORF,1107
Suisse,Kammersrohr,Kammersrohr,KAMMERSROHR,1107
Suisse,Langendorf,Langendorf,LANGENDORF,1107
Suisse,Lommiswil,Lommiswil,LOMMISWIL,1107
Suisse,Oberdorf (SO),Oberdorf (SO),OBERDORF (SO),1107
Suisse,Riedholz,Riedholz,RIEDHOLZ,1107
Suisse,Rüttenen,Ruttenen,RÜTTENEN,1107
Suisse,Selzach,Selzach,SELZACH,1107
Suisse,Boningen,Boningen,BONINGEN,1108
Suisse,Däniken,Daniken,DÄNIKEN,1108
Suisse,Dulliken,Dulliken,DULLIKEN,1108
Suisse,Eppenberg-Wöschnau,Eppenberg-Woschnau,EPPENBERG-WÖSCHNAU,1108
Suisse,Fulenbach,Fulenbach,FULENBACH,1108
Suisse,Gretzenbach,Gretzenbach,GRETZENBACH,1108
Suisse,Gunzgen,Gunzgen,GUNZGEN,1108
Suisse,Hägendorf,Hagendorf,HÄGENDORF,1108
Suisse,Kappel (SO),Kappel (SO),KAPPEL (SO),1108
Suisse,Olten,Olten,OLTEN,1108
Suisse,Rickenbach (SO),Rickenbach (SO),RICKENBACH (SO),1108
Suisse,Schönenwerd,Schonenwerd,SCHÖNENWERD,1108
Suisse,Starrkirch-Wil,Starrkirch-Wil,STARRKIRCH-WIL,1108
Suisse,Walterswil (SO),Walterswil (SO),WALTERSWIL (SO),1108
Suisse,Wangen bei Olten,Wangen bei Olten,WANGEN BEI OLTEN,1108
Suisse,Solothurn,Solothurn,SOLOTHURN,1109
Suisse,Bärschwil,Barschwil,BÄRSCHWIL,1110
Suisse,Beinwil (SO),Beinwil (SO),BEINWIL (SO),1110
Suisse,Breitenbach,Breitenbach,BREITENBACH,1110
Suisse,Büsserach,Busserach,BÜSSERACH,1110
Suisse,Erschwil,Erschwil,ERSCHWIL,1110
Suisse,Fehren,Fehren,FEHREN,1110
Suisse,Grindel,Grindel,GRINDEL,1110
Suisse,Himmelried,Himmelried,HIMMELRIED,1110
Suisse,Kleinlützel,Kleinlutzel,KLEINLÜTZEL,1110
Suisse,Meltingen,Meltingen,MELTINGEN,1110
Suisse,Nunningen,Nunningen,NUNNINGEN,1110
Suisse,Zullwil,Zullwil,ZULLWIL,1110
Suisse,Basel,Basel,BASEL,1200
Suisse,Bettingen,Bettingen,BETTINGEN,1200
Suisse,Riehen,Riehen,RIEHEN,1200
Suisse,Aesch (BL),Aesch (BL),AESCH (BL),1301
Suisse,Allschwil,Allschwil,ALLSCHWIL,1301
Suisse,Arlesheim,Arlesheim,ARLESHEIM,1301
Suisse,Biel-Benken,Biel-Benken,BIEL-BENKEN,1301
Suisse,Binningen,Binningen,BINNINGEN,1301
Suisse,Birsfelden,Birsfelden,BIRSFELDEN,1301
Suisse,Bottmingen,Bottmingen,BOTTMINGEN,1301
Suisse,Ettingen,Ettingen,ETTINGEN,1301
Suisse,Münchenstein,Munchenstein,MÜNCHENSTEIN,1301
Suisse,Muttenz,Muttenz,MUTTENZ,1301
Suisse,Oberwil (BL),Oberwil (BL),OBERWIL (BL),1301
Suisse,Pfeffingen,Pfeffingen,PFEFFINGEN,1301
Suisse,Reinach (BL),Reinach (BL),REINACH (BL),1301
Suisse,Schönenbuch,Schonenbuch,SCHÖNENBUCH,1301
Suisse,Therwil,Therwil,THERWIL,1301
Suisse,Blauen,Blauen,BLAUEN,1302
Suisse,Brislach,Brislach,BRISLACH,1302
Suisse,Burg im Leimental,Burg im Leimental,BURG IM LEIMENTAL,1302
Suisse,Dittingen,Dittingen,DITTINGEN,1302
Suisse,Duggingen,Duggingen,DUGGINGEN,1302
Suisse,Grellingen,Grellingen,GRELLINGEN,1302
Suisse,Laufen,Laufen,LAUFEN,1302
Suisse,Liesberg,Liesberg,LIESBERG,1302
Suisse,Nenzlingen,Nenzlingen,NENZLINGEN,1302
Suisse,Roggenburg,Roggenburg,ROGGENBURG,1302
Suisse,Röschenz,Roschenz,RÖSCHENZ,1302
Suisse,Wahlen,Wahlen,WAHLEN,1302
Suisse,Zwingen,Zwingen,ZWINGEN,1302
Suisse,Arisdorf,Arisdorf,ARISDORF,1303
Suisse,Augst,Augst,AUGST,1303
Suisse,Bubendorf,Bubendorf,BUBENDORF,1303
Suisse,Frenkendorf,Frenkendorf,FRENKENDORF,1303
Suisse,Füllinsdorf,Fullinsdorf,FÜLLINSDORF,1303
Suisse,Giebenach,Giebenach,GIEBENACH,1303
Suisse,Hersberg,Hersberg,HERSBERG,1303
Suisse,Lausen,Lausen,LAUSEN,1303
Suisse,Liestal,Liestal,LIESTAL,1303
Suisse,Lupsingen,Lupsingen,LUPSINGEN,1303
Suisse,Pratteln,Pratteln,PRATTELN,1303
Suisse,Ramlinsburg,Ramlinsburg,RAMLINSBURG,1303
Suisse,Seltisberg,Seltisberg,SELTISBERG,1303
Suisse,Ziefen,Ziefen,ZIEFEN,1303
Suisse,Anwil,Anwil,ANWIL,1304
Suisse,Böckten,Bockten,BÖCKTEN,1304
Suisse,Buckten,Buckten,BUCKTEN,1304
Suisse,Buus,Buus,BUUS,1304
Suisse,Diepflingen,Diepflingen,DIEPFLINGEN,1304
Suisse,Gelterkinden,Gelterkinden,GELTERKINDEN,1304
Suisse,Häfelfingen,Hafelfingen,HÄFELFINGEN,1304
Suisse,Hemmiken,Hemmiken,HEMMIKEN,1304
Suisse,Itingen,Itingen,ITINGEN,1304
Suisse,Känerkinden,Kanerkinden,KÄNERKINDEN,1304
Suisse,Kilchberg (BL),Kilchberg (BL),KILCHBERG (BL),1304
Suisse,Läufelfingen,Laufelfingen,LÄUFELFINGEN,1304
Suisse,Maisprach,Maisprach,MAISPRACH,1304
Suisse,Nusshof,Nusshof,NUSSHOF,1304
Suisse,Oltingen,Oltingen,OLTINGEN,1304
Suisse,Ormalingen,Ormalingen,ORMALINGEN,1304
Suisse,Rickenbach (BL),Rickenbach (BL),RICKENBACH (BL),1304
Suisse,Rothenfluh,Rothenfluh,ROTHENFLUH,1304
Suisse,Rümlingen,Rumlingen,RÜMLINGEN,1304
Suisse,Rünenberg,Runenberg,RÜNENBERG,1304
Suisse,Sissach,Sissach,SISSACH,1304
Suisse,Tecknau,Tecknau,TECKNAU,1304
Suisse,Tenniken,Tenniken,TENNIKEN,1304
Suisse,Thürnen,Thurnen,THÜRNEN,1304
Suisse,Wenslingen,Wenslingen,WENSLINGEN,1304
Suisse,Wintersingen,Wintersingen,WINTERSINGEN,1304
Suisse,Wittinsburg,Wittinsburg,WITTINSBURG,1304
Suisse,Zeglingen,Zeglingen,ZEGLINGEN,1304
Suisse,Zunzgen,Zunzgen,ZUNZGEN,1304
Suisse,Arboldswil,Arboldswil,ARBOLDSWIL,1305
Suisse,Bennwil,Bennwil,BENNWIL,1305
Suisse,Bretzwil,Bretzwil,BRETZWIL,1305
Suisse,Diegten,Diegten,DIEGTEN,1305
Suisse,Eptingen,Eptingen,EPTINGEN,1305
Suisse,Hölstein,Holstein,HÖLSTEIN,1305
Suisse,Lampenberg,Lampenberg,LAMPENBERG,1305
Suisse,Langenbruck,Langenbruck,LANGENBRUCK,1305
Suisse,Lauwil,Lauwil,LAUWIL,1305
Suisse,Liedertswil,Liedertswil,LIEDERTSWIL,1305
Suisse,Niederdorf,Niederdorf,NIEDERDORF,1305
Suisse,Oberdorf (BL),Oberdorf (BL),OBERDORF (BL),1305
Suisse,Reigoldswil,Reigoldswil,REIGOLDSWIL,1305
Suisse,Titterten,Titterten,TITTERTEN,1305
Suisse,Waldenburg,Waldenburg,WALDENBURG,1305
Suisse,Gächlingen,Gachlingen,GÄCHLINGEN,1401
Suisse,Löhningen,Lohningen,LÖHNINGEN,1401
Suisse,Neunkirch,Neunkirch,NEUNKIRCH,1401
Suisse,Büttenhardt,Buttenhardt,BÜTTENHARDT,1402
Suisse,Dörflingen,Dorflingen,DÖRFLINGEN,1402
Suisse,Lohn (SH),Lohn (SH),LOHN (SH),1402
Suisse,Stetten (SH),Stetten (SH),STETTEN (SH),1402
Suisse,Thayngen,Thayngen,THAYNGEN,1402
Suisse,Bargen (SH),Bargen (SH),BARGEN (SH),1403
Suisse,Beringen,Beringen,BERINGEN,1403
Suisse,Buchberg,Buchberg,BUCHBERG,1403
Suisse,Merishausen,Merishausen,MERISHAUSEN,1403
Suisse,Neuhausen am Rheinfall,Neuhausen am Rheinfall,NEUHAUSEN AM RHEINFALL,1403
Suisse,Rüdlingen,Rudlingen,RÜDLINGEN,1403
Suisse,Schaffhausen,Schaffhausen,SCHAFFHAUSEN,1403
Suisse,Beggingen,Beggingen,BEGGINGEN,1404
Suisse,Schleitheim,Schleitheim,SCHLEITHEIM,1404
Suisse,Siblingen,Siblingen,SIBLINGEN,1404
Suisse,Buch (SH),Buch (SH),BUCH (SH),1405
Suisse,Hemishofen,Hemishofen,HEMISHOFEN,1405
Suisse,Ramsen,Ramsen,RAMSEN,1405
Suisse,Stein am Rhein,Stein am Rhein,STEIN AM RHEIN,1405
Suisse,Hallau,Hallau,HALLAU,1406
Suisse,Oberhallau,Oberhallau,OBERHALLAU,1406
Suisse,Trasadingen,Trasadingen,TRASADINGEN,1406
Suisse,Wilchingen,Wilchingen,WILCHINGEN,1406
Suisse,Herisau,Herisau,HERISAU,1501
Suisse,Hundwil,Hundwil,HUNDWIL,1501
Suisse,Schönengrund,Schonengrund,SCHÖNENGRUND,1501
Suisse,Schwellbrunn,Schwellbrunn,SCHWELLBRUNN,1501
Suisse,Stein (AR),Stein (AR),STEIN (AR),1501
Suisse,Urnäsch,Urnasch,URNÄSCH,1501
Suisse,Waldstatt,Waldstatt,WALDSTATT,1501
Suisse,Bühler,Buhler,BÜHLER,1502
Suisse,Gais,Gais,GAIS,1502
Suisse,Speicher,Speicher,SPEICHER,1502
Suisse,Teufen (AR),Teufen (AR),TEUFEN (AR),1502
Suisse,Trogen,Trogen,TROGEN,1502
Suisse,Grub (AR),Grub (AR),GRUB (AR),1503
Suisse,Heiden,Heiden,HEIDEN,1503
Suisse,Lutzenberg,Lutzenberg,LUTZENBERG,1503
Suisse,Rehetobel,Rehetobel,REHETOBEL,1503
Suisse,Reute (AR),Reute (AR),REUTE (AR),1503
Suisse,Wald (AR),Wald (AR),WALD (AR),1503
Suisse,Walzenhausen,Walzenhausen,WALZENHAUSEN,1503
Suisse,Wolfhalden,Wolfhalden,WOLFHALDEN,1503
Suisse,Appenzell,Appenzell,APPENZELL,1600
Suisse,Gonten,Gonten,GONTEN,1600
Suisse,Schlatt-Haslen,Schlatt-Haslen,SCHLATT-HASLEN,1600
Suisse,Oberegg,Oberegg,OBEREGG,1600
Suisse,Schwende-Rüte,Schwende-Rute,SCHWENDE-RÜTE,1600
Suisse,Häggenschwil,Haggenschwil,HÄGGENSCHWIL,1721
Suisse,Muolen,Muolen,MUOLEN,1721
Suisse,St. Gallen,St. Gallen,ST. GALLEN,1721
Suisse,Wittenbach,Wittenbach,WITTENBACH,1721
Suisse,Berg (SG),Berg (SG),BERG (SG),1722
Suisse,Eggersriet,Eggersriet,EGGERSRIET,1721
Suisse,Goldach,Goldach,GOLDACH,1722
Suisse,Mörschwil,Morschwil,MÖRSCHWIL,1722
Suisse,Rorschach,Rorschach,RORSCHACH,1722
Suisse,Rorschacherberg,Rorschacherberg,RORSCHACHERBERG,1722
Suisse,Steinach,Steinach,STEINACH,1722
Suisse,Tübach,Tubach,TÜBACH,1722
Suisse,Untereggen,Untereggen,UNTEREGGEN,1722
Suisse,Au (SG),Au (SG),AU (SG),1723
Suisse,Balgach,Balgach,BALGACH,1723
Suisse,Berneck,Berneck,BERNECK,1723
Suisse,Diepoldsau,Diepoldsau,DIEPOLDSAU,1723
Suisse,Rheineck,Rheineck,RHEINECK,1723
Suisse,St. Margrethen,St. Margrethen,ST. MARGRETHEN,1723
Suisse,Thal,Thal,THAL,1722
Suisse,Widnau,Widnau,WIDNAU,1723
Suisse,Altstätten,Altstatten,ALTSTÄTTEN,1723
Suisse,Eichberg,Eichberg,EICHBERG,1723
Suisse,Marbach (SG),Marbach (SG),MARBACH (SG),1723
Suisse,Oberriet (SG),Oberriet (SG),OBERRIET (SG),1723
Suisse,Rebstein,Rebstein,REBSTEIN,1723
Suisse,Rüthi (SG),Ruthi (SG),RÜTHI (SG),1723
Suisse,Buchs (SG),Buchs (SG),BUCHS (SG),1724
Suisse,Gams,Gams,GAMS,1724
Suisse,Grabs,Grabs,GRABS,1724
Suisse,Sennwald,Sennwald,SENNWALD,1724
Suisse,Sevelen,Sevelen,SEVELEN,1724
Suisse,Wartau,Wartau,WARTAU,1724
Suisse,Bad Ragaz,Bad Ragaz,BAD RAGAZ,1725
Suisse,Flums,Flums,FLUMS,1725
Suisse,Mels,Mels,MELS,1725
Suisse,Pfäfers,Pfafers,PFÄFERS,1725
Suisse,Quarten,Quarten,QUARTEN,1725
Suisse,Sargans,Sargans,SARGANS,1725
Suisse,Vilters-Wangs,Vilters-Wangs,VILTERS-WANGS,1725
Suisse,Walenstadt,Walenstadt,WALENSTADT,1725
Suisse,Amden,Amden,AMDEN,1726
Suisse,Benken (SG),Benken (SG),BENKEN (SG),1726
Suisse,Kaltbrunn,Kaltbrunn,KALTBRUNN,1726
Suisse,Schänis,Schanis,SCHÄNIS,1726
Suisse,Weesen,Weesen,WEESEN,1726
Suisse,Schmerikon,Schmerikon,SCHMERIKON,1726
Suisse,Uznach,Uznach,UZNACH,1726
Suisse,Rapperswil-Jona,Rapperswil-Jona,RAPPERSWIL-JONA,1726
Suisse,Gommiswald,Gommiswald,GOMMISWALD,1726
Suisse,Eschenbach (SG),Eschenbach (SG),ESCHENBACH (SG),1726
Suisse,Ebnat-Kappel,Ebnat-Kappel,EBNAT-KAPPEL,1727
Suisse,Wildhaus-Alt St. Johann,Wildhaus-Alt St. Johann,WILDHAUS-ALT ST. JOHANN,1727
Suisse,Nesslau,Nesslau,NESSLAU,1727
Suisse,Lichtensteig,Lichtensteig,LICHTENSTEIG,1727
Suisse,Wattwil,Wattwil,WATTWIL,1727
Suisse,Kirchberg (SG),Kirchberg (SG),KIRCHBERG (SG),1727
Suisse,Lütisburg,Lutisburg,LÜTISBURG,1727
Suisse,Mosnang,Mosnang,MOSNANG,1727
Suisse,Bütschwil-Ganterschwil,Butschwil-Ganterschwil,BÜTSCHWIL-GANTERSCHWIL,1727
Suisse,Neckertal,Neckertal,NECKERTAL,1727
Suisse,Degersheim,Degersheim,DEGERSHEIM,1728
Suisse,Flawil,Flawil,FLAWIL,1728
Suisse,Jonschwil,Jonschwil,JONSCHWIL,1728
Suisse,Oberuzwil,Oberuzwil,OBERUZWIL,1728
Suisse,Uzwil,Uzwil,UZWIL,1728
Suisse,Niederbüren,Niederburen,NIEDERBÜREN,1728
Suisse,Niederhelfenschwil,Niederhelfenschwil,NIEDERHELFENSCHWIL,1728
Suisse,Oberbüren,Oberburen,OBERBÜREN,1728
Suisse,Zuzwil (SG),Zuzwil (SG),ZUZWIL (SG),1728
Suisse,Wil (SG),Wil (SG),WIL (SG),1728
Suisse,Andwil (SG),Andwil (SG),ANDWIL (SG),1721
Suisse,Gaiserwald,Gaiserwald,GAISERWALD,1721
Suisse,Gossau (SG),Gossau (SG),GOSSAU (SG),1721
Suisse,Waldkirch,Waldkirch,WALDKIRCH,1721
Suisse,Vaz/Obervaz,Vaz/Obervaz,VAZ/OBERVAZ,1841
Suisse,Lantsch/Lenz,Lantsch/Lenz,LANTSCH/LENZ,1841
Suisse,Schmitten (GR),Schmitten (GR),SCHMITTEN (GR),1841
Suisse,Albula/Alvra,Albula/Alvra,ALBULA/ALVRA,1841
Suisse,Surses,Surses,SURSES,1841
Suisse,Bergün Filisur,Bergun Filisur,BERGÜN FILISUR,1841
Suisse,Brusio,Brusio,BRUSIO,1842
Suisse,Poschiavo,Poschiavo,POSCHIAVO,1842
Suisse,Falera,Falera,FALERA,1850
Suisse,Laax,Laax,LAAX,1850
Suisse,Sagogn,Sagogn,SAGOGN,1850
Suisse,Schluein,Schluein,SCHLUEIN,1850
Suisse,Vals,Vals,VALS,1850
Suisse,Lumnezia,Lumnezia,LUMNEZIA,1850
Suisse,Ilanz/Glion,Ilanz/Glion,ILANZ/GLION,1850
Suisse,Fürstenau,Furstenau,FÜRSTENAU,1851
Suisse,Rothenbrunnen,Rothenbrunnen,ROTHENBRUNNEN,1851
Suisse,Scharans,Scharans,SCHARANS,1851
Suisse,Sils im Domleschg,Sils im Domleschg,SILS IM DOMLESCHG,1851
Suisse,Cazis,Cazis,CAZIS,1851
Suisse,Flerden,Flerden,FLERDEN,1851
Suisse,Masein,Masein,MASEIN,1851
Suisse,Thusis,Thusis,THUSIS,1851
Suisse,Tschappina,Tschappina,TSCHAPPINA,1851
Suisse,Urmein,Urmein,URMEIN,1851
Suisse,Safiental,Safiental,SAFIENTAL,1850
Suisse,Domleschg,Domleschg,DOMLESCHG,1851
Suisse,Avers,Avers,AVERS,1851
Suisse,Sufers,Sufers,SUFERS,1851
Suisse,Andeer,Andeer,ANDEER,1851
Suisse,Rongellen,Rongellen,RONGELLEN,1851
Suisse,Zillis-Reischen,Zillis-Reischen,ZILLIS-REISCHEN,1851
Suisse,Ferrera,Ferrera,FERRERA,1851
Suisse,Rheinwald,Rheinwald,RHEINWALD,1851
Suisse,Muntogna da Schons,Muntogna da Schons,MUNTOGNA DA SCHONS,1851
Suisse,Bonaduz,Bonaduz,BONADUZ,1844
Suisse,Domat/Ems,Domat/Ems,DOMAT/EMS,1844
Suisse,Rhäzüns,Rhazuns,RHÄZÜNS,1844
Suisse,Felsberg,Felsberg,FELSBERG,1844
Suisse,Flims,Flims,FLIMS,1844
Suisse,Tamins,Tamins,TAMINS,1844
Suisse,Trin,Trin,TRIN,1844
Suisse,Zernez,Zernez,ZERNEZ,1843
Suisse,Samnaun,Samnaun,SAMNAUN,1843
Suisse,Scuol,Scuol,SCUOL,1843
Suisse,Valsot,Valsot,VALSOT,1843
Suisse,Bever,Bever,BEVER,1846
Suisse,Celerina/Schlarigna,Celerina/Schlarigna,CELERINA/SCHLARIGNA,1846
Suisse,Madulain,Madulain,MADULAIN,1846
Suisse,Pontresina,Pontresina,PONTRESINA,1846
Suisse,La Punt Chamues-ch,La Punt Chamues-ch,LA PUNT CHAMUES-CH,1846
Suisse,Samedan,Samedan,SAMEDAN,1846
Suisse,St. Moritz,St. Moritz,ST. MORITZ,1846
Suisse,S-chanf,S-chanf,S-CHANF,1846
Suisse,Sils im Engadin/Segl,Sils im Engadin/Segl,SILS IM ENGADIN/SEGL,1846
Suisse,Silvaplana,Silvaplana,SILVAPLANA,1846
Suisse,Zuoz,Zuoz,ZUOZ,1846
Suisse,Bregaglia,Bregaglia,BREGAGLIA,1846
Suisse,Buseno,Buseno,BUSENO,1847
Suisse,Castaneda,Castaneda,CASTANEDA,1847
Suisse,Rossa,Rossa,ROSSA,1847
Suisse,Santa Maria in Calanca,Santa Maria in Calanca,SANTA MARIA IN CALANCA,1847
Suisse,Lostallo,Lostallo,LOSTALLO,1847
Suisse,Mesocco,Mesocco,MESOCCO,1847
Suisse,Soazza,Soazza,SOAZZA,1847
Suisse,Cama,Cama,CAMA,1847
Suisse,Grono,Grono,GRONO,1847
Suisse,Roveredo (GR),Roveredo (GR),ROVEREDO (GR),1847
Suisse,San Vittore,San Vittore,SAN VITTORE,1847
Suisse,Calanca,Calanca,CALANCA,1847
Suisse,Val Müstair,Val Mustair,VAL MÜSTAIR,1843
Suisse,Davos,Davos,DAVOS,1849
Suisse,Fideris,Fideris,FIDERIS,1849
Suisse,Furna,Furna,FURNA,1849
Suisse,Jenaz,Jenaz,JENAZ,1849
Suisse,Klosters,Klosters,KLOSTERS,1849
Suisse,Conters im Prättigau,Conters im Prattigau,CONTERS IM PRÄTTIGAU,1849
Suisse,Küblis,Kublis,KÜBLIS,1849
Suisse,Luzein,Luzein,LUZEIN,1849
Suisse,Chur,Chur,CHUR,1848
Suisse,Churwalden,Churwalden,CHURWALDEN,1848
Suisse,Arosa,Arosa,AROSA,1848
Suisse,Trimmis,Trimmis,TRIMMIS,1845
Suisse,Untervaz,Untervaz,UNTERVAZ,1845
Suisse,Zizers,Zizers,ZIZERS,1845
Suisse,Fläsch,Flasch,FLÄSCH,1845
Suisse,Jenins,Jenins,JENINS,1845
Suisse,Maienfeld,Maienfeld,MAIENFELD,1845
Suisse,Malans,Malans,MALANS,1845
Suisse,Landquart,Landquart,LANDQUART,1845
Suisse,Grüsch,Grusch,GRÜSCH,1849
Suisse,Schiers,Schiers,SCHIERS,1849
Suisse,Seewis im Prättigau,Seewis im Prattigau,SEEWIS IM PRÄTTIGAU,1849
Suisse,Breil/Brigels,Breil/Brigels,BREIL/BRIGELS,1850
Suisse,Disentis/Mustér,Disentis/Muster,DISENTIS/MUSTÉR,1850
Suisse,Medel (Lucmagn),Medel (Lucmagn),MEDEL (LUCMAGN),1850
Suisse,Sumvitg,Sumvitg,SUMVITG,1850
Suisse,Tujetsch,Tujetsch,TUJETSCH,1850
Suisse,Trun,Trun,TRUN,1850
Suisse,Obersaxen Mundaun,Obersaxen Mundaun,OBERSAXEN MUNDAUN,1850
Suisse,Aarau,Aarau,AARAU,1901
Suisse,Biberstein,Biberstein,BIBERSTEIN,1901
Suisse,Buchs (AG),Buchs (AG),BUCHS (AG),1901
Suisse,Densbüren,Densburen,DENSBÜREN,1901
Suisse,Erlinsbach (AG),Erlinsbach (AG),ERLINSBACH (AG),1901
Suisse,Gränichen,Granichen,GRÄNICHEN,1901
Suisse,Hirschthal,Hirschthal,HIRSCHTHAL,1901
Suisse,Küttigen,Kuttigen,KÜTTIGEN,1901
Suisse,Muhen,Muhen,MUHEN,1901
Suisse,Oberentfelden,Oberentfelden,OBERENTFELDEN,1901
Suisse,Suhr,Suhr,SUHR,1901
Suisse,Unterentfelden,Unterentfelden,UNTERENTFELDEN,1901
Suisse,Baden,Baden,BADEN,1902
Suisse,Bellikon,Bellikon,BELLIKON,1902
Suisse,Bergdietikon,Bergdietikon,BERGDIETIKON,1902
Suisse,Birmenstorf (AG),Birmenstorf (AG),BIRMENSTORF (AG),1902
Suisse,Ennetbaden,Ennetbaden,ENNETBADEN,1902
Suisse,Fislisbach,Fislisbach,FISLISBACH,1902
Suisse,Freienwil,Freienwil,FREIENWIL,1902
Suisse,Gebenstorf,Gebenstorf,GEBENSTORF,1902
Suisse,Killwangen,Killwangen,KILLWANGEN,1902
Suisse,Künten,Kunten,KÜNTEN,1902
Suisse,Mägenwil,Magenwil,MÄGENWIL,1902
Suisse,Mellingen,Mellingen,MELLINGEN,1902
Suisse,Neuenhof,Neuenhof,NEUENHOF,1902
Suisse,Niederrohrdorf,Niederrohrdorf,NIEDERROHRDORF,1902
Suisse,Oberrohrdorf,Oberrohrdorf,OBERROHRDORF,1902
Suisse,Obersiggenthal,Obersiggenthal,OBERSIGGENTHAL,1902
Suisse,Remetschwil,Remetschwil,REMETSCHWIL,1902
Suisse,Spreitenbach,Spreitenbach,SPREITENBACH,1902
Suisse,Stetten (AG),Stetten (AG),STETTEN (AG),1902
Suisse,Untersiggenthal,Untersiggenthal,UNTERSIGGENTHAL,1902
Suisse,Wettingen,Wettingen,WETTINGEN,1902
Suisse,Wohlenschwil,Wohlenschwil,WOHLENSCHWIL,1902
Suisse,Würenlingen,Wurenlingen,WÜRENLINGEN,1902
Suisse,Würenlos,Wurenlos,WÜRENLOS,1902
Suisse,Ehrendingen,Ehrendingen,EHRENDINGEN,1902
Suisse,Arni (AG),Arni (AG),ARNI (AG),1903
Suisse,Berikon,Berikon,BERIKON,1903
Suisse,Bremgarten (AG),Bremgarten (AG),BREMGARTEN (AG),1903
Suisse,Büttikon,Buttikon,BÜTTIKON,1903
Suisse,Dottikon,Dottikon,DOTTIKON,1903
Suisse,Eggenwil,Eggenwil,EGGENWIL,1903
Suisse,Fischbach-Göslikon,Fischbach-Goslikon,FISCHBACH-GÖSLIKON,1903
Suisse,Hägglingen,Hagglingen,HÄGGLINGEN,1903
Suisse,Jonen,Jonen,JONEN,1903
Suisse,Niederwil (AG),Niederwil (AG),NIEDERWIL (AG),1903
Suisse,Oberlunkhofen,Oberlunkhofen,OBERLUNKHOFEN,1903
Suisse,Oberwil-Lieli,Oberwil-Lieli,OBERWIL-LIELI,1903
Suisse,Rudolfstetten-Friedlisberg,Rudolfstetten-Friedlisberg,RUDOLFSTETTEN-FRIEDLISBERG,1903
Suisse,Sarmenstorf,Sarmenstorf,SARMENSTORF,1903
Suisse,Tägerig,Tagerig,TÄGERIG,1903
Suisse,Uezwil,Uezwil,UEZWIL,1903
Suisse,Unterlunkhofen,Unterlunkhofen,UNTERLUNKHOFEN,1903
Suisse,Villmergen,Villmergen,VILLMERGEN,1903
Suisse,Widen,Widen,WIDEN,1903
Suisse,Wohlen (AG),Wohlen (AG),WOHLEN (AG),1903
Suisse,Zufikon,Zufikon,ZUFIKON,1903
Suisse,Islisberg,Islisberg,ISLISBERG,1903
Suisse,Auenstein,Auenstein,AUENSTEIN,1904
Suisse,Birr,Birr,BIRR,1904
Suisse,Birrhard,Birrhard,BIRRHARD,1904
Suisse,Brugg,Brugg,BRUGG,1904
Suisse,Habsburg,Habsburg,HABSBURG,1904
Suisse,Hausen (AG),Hausen (AG),HAUSEN (AG),1904
Suisse,Lupfig,Lupfig,LUPFIG,1904
Suisse,Mandach,Mandach,MANDACH,1904
Suisse,Mönthal,Monthal,MÖNTHAL,1904
Suisse,Mülligen,Mulligen,MÜLLIGEN,1904
Suisse,Remigen,Remigen,REMIGEN,1904
Suisse,Riniken,Riniken,RINIKEN,1904
Suisse,Rüfenach,Rufenach,RÜFENACH,1904
Suisse,Thalheim (AG),Thalheim (AG),THALHEIM (AG),1904
Suisse,Veltheim (AG),Veltheim (AG),VELTHEIM (AG),1904
Suisse,Villigen,Villigen,VILLIGEN,1904
Suisse,Villnachern,Villnachern,VILLNACHERN,1904
Suisse,Windisch,Windisch,WINDISCH,1904
Suisse,Bözberg,Bozberg,BÖZBERG,1904
Suisse,Schinznach,Schinznach,SCHINZNACH,1904
Suisse,Beinwil am See,Beinwil am See,BEINWIL AM SEE,1905
Suisse,Birrwil,Birrwil,BIRRWIL,1905
Suisse,Dürrenäsch,Durrenasch,DÜRRENÄSCH,1905
Suisse,Gontenschwil,Gontenschwil,GONTENSCHWIL,1905
Suisse,Holziken,Holziken,HOLZIKEN,1905
Suisse,Leimbach (AG),Leimbach (AG),LEIMBACH (AG),1905
Suisse,Leutwil,Leutwil,LEUTWIL,1905
Suisse,Menziken,Menziken,MENZIKEN,1905
Suisse,Oberkulm,Oberkulm,OBERKULM,1905
Suisse,Reinach (AG),Reinach (AG),REINACH (AG),1905
Suisse,Schlossrued,Schlossrued,SCHLOSSRUED,1905
Suisse,Schmiedrued,Schmiedrued,SCHMIEDRUED,1905
Suisse,Schöftland,Schoftland,SCHÖFTLAND,1905
Suisse,Teufenthal (AG),Teufenthal (AG),TEUFENTHAL (AG),1905
Suisse,Unterkulm,Unterkulm,UNTERKULM,1905
Suisse,Zetzwil,Zetzwil,ZETZWIL,1905
Suisse,Eiken,Eiken,EIKEN,1906
Suisse,Frick,Frick,FRICK,1906
Suisse,Gansingen,Gansingen,GANSINGEN,1906
Suisse,Gipf-Oberfrick,Gipf-Oberfrick,GIPF-OBERFRICK,1906
Suisse,Kaisten,Kaisten,KAISTEN,1906
Suisse,Laufenburg,Laufenburg,LAUFENBURG,1906
Suisse,Münchwilen (AG),Munchwilen (AG),MÜNCHWILEN (AG),1906
Suisse,Oberhof,Oberhof,OBERHOF,1906
Suisse,Oeschgen,Oeschgen,OESCHGEN,1906
Suisse,Schwaderloch,Schwaderloch,SCHWADERLOCH,1906
Suisse,Sisseln,Sisseln,SISSELN,1906
Suisse,Wittnau,Wittnau,WITTNAU,1906
Suisse,Wölflinswil,Wolflinswil,WÖLFLINSWIL,1906
Suisse,Zeihen,Zeihen,ZEIHEN,1906
Suisse,Mettauertal,Mettauertal,METTAUERTAL,1906
Suisse,Böztal,Boztal,BÖZTAL,1906
Suisse,Herznach-Ueken,Herznach-Ueken,HERZNACH-UEKEN,1906
Suisse,Ammerswil,Ammerswil,AMMERSWIL,1907
Suisse,Boniswil,Boniswil,BONISWIL,1907
Suisse,Brunegg,Brunegg,BRUNEGG,1907
Suisse,Dintikon,Dintikon,DINTIKON,1907
Suisse,Egliswil,Egliswil,EGLISWIL,1907
Suisse,Fahrwangen,Fahrwangen,FAHRWANGEN,1907
Suisse,Hallwil,Hallwil,HALLWIL,1907
Suisse,Hendschiken,Hendschiken,HENDSCHIKEN,1907
Suisse,Holderbank (AG),Holderbank (AG),HOLDERBANK (AG),1907
Suisse,Hunzenschwil,Hunzenschwil,HUNZENSCHWIL,1907
Suisse,Lenzburg,Lenzburg,LENZBURG,1907
Suisse,Meisterschwanden,Meisterschwanden,MEISTERSCHWANDEN,1907
Suisse,Möriken-Wildegg,Moriken-Wildegg,MÖRIKEN-WILDEGG,1907
Suisse,Niederlenz,Niederlenz,NIEDERLENZ,1907
Suisse,Othmarsingen,Othmarsingen,OTHMARSINGEN,1907
Suisse,Rupperswil,Rupperswil,RUPPERSWIL,1907
Suisse,Schafisheim,Schafisheim,SCHAFISHEIM,1907
Suisse,Seengen,Seengen,SEENGEN,1907
Suisse,Seon,Seon,SEON,1907
Suisse,Staufen,Staufen,STAUFEN,1907
Suisse,Abtwil,Abtwil,ABTWIL,1908
Suisse,Aristau,Aristau,ARISTAU,1908
Suisse,Auw,Auw,AUW,1908
Suisse,Beinwil (Freiamt),Beinwil (Freiamt),BEINWIL (FREIAMT),1908
Suisse,Besenbüren,Besenburen,BESENBÜREN,1908
Suisse,Bettwil,Bettwil,BETTWIL,1908
Suisse,Boswil,Boswil,BOSWIL,1908
Suisse,Bünzen,Bunzen,BÜNZEN,1908
Suisse,Buttwil,Buttwil,BUTTWIL,1908
Suisse,Dietwil,Dietwil,DIETWIL,1908
Suisse,Geltwil,Geltwil,GELTWIL,1908
Suisse,Kallern,Kallern,KALLERN,1908
Suisse,Merenschwand,Merenschwand,MERENSCHWAND,1908
Suisse,Mühlau,Muhlau,MÜHLAU,1908
Suisse,Muri (AG),Muri (AG),MURI (AG),1908
Suisse,Oberrüti,Oberruti,OBERRÜTI,1908
Suisse,Rottenschwil,Rottenschwil,ROTTENSCHWIL,1908
Suisse,Sins,Sins,SINS,1908
Suisse,Waltenschwil,Waltenschwil,WALTENSCHWIL,1908
Suisse,Hellikon,Hellikon,HELLIKON,1909
Suisse,Kaiseraugst,Kaiseraugst,KAISERAUGST,1909
Suisse,Magden,Magden,MAGDEN,1909
Suisse,Möhlin,Mohlin,MÖHLIN,1909
Suisse,Mumpf,Mumpf,MUMPF,1909
Suisse,Obermumpf,Obermumpf,OBERMUMPF,1909
Suisse,Olsberg,Olsberg,OLSBERG,1909
Suisse,Rheinfelden,Rheinfelden,RHEINFELDEN,1909
Suisse,Schupfart,Schupfart,SCHUPFART,1909
Suisse,Stein (AG),Stein (AG),STEIN (AG),1909
Suisse,Wallbach,Wallbach,WALLBACH,1909
Suisse,Wegenstetten,Wegenstetten,WEGENSTETTEN,1909
Suisse,Zeiningen,Zeiningen,ZEININGEN,1909
Suisse,Zuzgen,Zuzgen,ZUZGEN,1909
Suisse,Aarburg,Aarburg,AARBURG,1910
Suisse,Bottenwil,Bottenwil,BOTTENWIL,1910
Suisse,Brittnau,Brittnau,BRITTNAU,1910
Suisse,Kirchleerau,Kirchleerau,KIRCHLEERAU,1910
Suisse,Kölliken,Kolliken,KÖLLIKEN,1910
Suisse,Moosleerau,Moosleerau,MOOSLEERAU,1910
Suisse,Murgenthal,Murgenthal,MURGENTHAL,1910
Suisse,Oftringen,Oftringen,OFTRINGEN,1910
Suisse,Reitnau,Reitnau,REITNAU,1910
Suisse,Rothrist,Rothrist,ROTHRIST,1910
Suisse,Safenwil,Safenwil,SAFENWIL,1910
Suisse,Staffelbach,Staffelbach,STAFFELBACH,1910
Suisse,Strengelbach,Strengelbach,STRENGELBACH,1910
Suisse,Uerkheim,Uerkheim,UERKHEIM,1910
Suisse,Vordemwald,Vordemwald,VORDEMWALD,1910
Suisse,Wiliberg,Wiliberg,WILIBERG,1910
Suisse,Zofingen,Zofingen,ZOFINGEN,1910
Suisse,Böttstein,Bottstein,BÖTTSTEIN,1911
Suisse,Döttingen,Dottingen,DÖTTINGEN,1911
Suisse,Endingen,Endingen,ENDINGEN,1911
Suisse,Fisibach,Fisibach,FISIBACH,1911
Suisse,Full-Reuenthal,Full-Reuenthal,FULL-REUENTHAL,1911
Suisse,Klingnau,Klingnau,KLINGNAU,1911
Suisse,Koblenz,Koblenz,KOBLENZ,1911
Suisse,Leibstadt,Leibstadt,LEIBSTADT,1911
Suisse,Lengnau (AG),Lengnau (AG),LENGNAU (AG),1911
Suisse,Leuggern,Leuggern,LEUGGERN,1911
Suisse,Mellikon,Mellikon,MELLIKON,1911
Suisse,Schneisingen,Schneisingen,SCHNEISINGEN,1911
Suisse,Siglistorf,Siglistorf,SIGLISTORF,1911
Suisse,Tegerfelden,Tegerfelden,TEGERFELDEN,1911
Suisse,Zurzach,Zurzach,ZURZACH,1911
Suisse,Arbon,Arbon,ARBON,2011
Suisse,Dozwil,Dozwil,DOZWIL,2011
Suisse,Egnach,Egnach,EGNACH,2011
Suisse,Hefenhofen,Hefenhofen,HEFENHOFEN,2011
Suisse,Horn,Horn,HORN,2011
Suisse,Kesswil,Kesswil,KESSWIL,2011
Suisse,Roggwil (TG),Roggwil (TG),ROGGWIL (TG),2011
Suisse,Romanshorn,Romanshorn,ROMANSHORN,2011
Suisse,Salmsach,Salmsach,SALMSACH,2011
Suisse,Sommeri,Sommeri,SOMMERI,2011
Suisse,Uttwil,Uttwil,UTTWIL,2011
Suisse,Amriswil,Amriswil,AMRISWIL,2011
Suisse,Bischofszell,Bischofszell,BISCHOFSZELL,2015
Suisse,Erlen,Erlen,ERLEN,2015
Suisse,Hauptwil-Gottshaus,Hauptwil-Gottshaus,HAUPTWIL-GOTTSHAUS,2015
Suisse,Hohentannen,Hohentannen,HOHENTANNEN,2015
Suisse,Kradolf-Schönenberg,Kradolf-Schonenberg,KRADOLF-SCHÖNENBERG,2015
Suisse,Sulgen,Sulgen,SULGEN,2015
Suisse,Zihlschlacht-Sitterdorf,Zihlschlacht-Sitterdorf,ZIHLSCHLACHT-SITTERDORF,2015
Suisse,Basadingen-Schlattingen,Basadingen-Schlattingen,BASADINGEN-SCHLATTINGEN,2012
Suisse,Diessenhofen,Diessenhofen,DIESSENHOFEN,2012
Suisse,Schlatt (TG),Schlatt (TG),SCHLATT (TG),2012
Suisse,Aadorf,Aadorf,AADORF,2014
Suisse,Felben-Wellhausen,Felben-Wellhausen,FELBEN-WELLHAUSEN,2012
Suisse,Frauenfeld,Frauenfeld,FRAUENFELD,2012
Suisse,Gachnang,Gachnang,GACHNANG,2012
Suisse,Hüttlingen,Huttlingen,HÜTTLINGEN,2012
Suisse,Matzingen,Matzingen,MATZINGEN,2012
Suisse,Neunforn,Neunforn,NEUNFORN,2012
Suisse,Stettfurt,Stettfurt,STETTFURT,2012
Suisse,Thundorf,Thundorf,THUNDORF,2012
Suisse,Uesslingen-Buch,Uesslingen-Buch,UESSLINGEN-BUCH,2012
Suisse,Warth-Weiningen,Warth-Weiningen,WARTH-WEININGEN,2012
Suisse,Altnau,Altnau,ALTNAU,2013
Suisse,Bottighofen,Bottighofen,BOTTIGHOFEN,2013
Suisse,Ermatingen,Ermatingen,ERMATINGEN,2013
Suisse,Gottlieben,Gottlieben,GOTTLIEBEN,2013
Suisse,Güttingen,Guttingen,GÜTTINGEN,2013
Suisse,Kemmental,Kemmental,KEMMENTAL,2013
Suisse,Kreuzlingen,Kreuzlingen,KREUZLINGEN,2013
Suisse,Langrickenbach,Langrickenbach,LANGRICKENBACH,2013
Suisse,Lengwil,Lengwil,LENGWIL,2013
Suisse,Münsterlingen,Munsterlingen,MÜNSTERLINGEN,2013
Suisse,Tägerwilen,Tagerwilen,TÄGERWILEN,2013
Suisse,Wäldi,Waldi,WÄLDI,2013
Suisse,Affeltrangen,Affeltrangen,AFFELTRANGEN,2015
Suisse,Bettwiesen,Bettwiesen,BETTWIESEN,2014
Suisse,Bichelsee-Balterswil,Bichelsee-Balterswil,BICHELSEE-BALTERSWIL,2014
Suisse,Braunau,Braunau,BRAUNAU,2014
Suisse,Eschlikon,Eschlikon,ESCHLIKON,2014
Suisse,Fischingen,Fischingen,FISCHINGEN,2014
Suisse,Lommis,Lommis,LOMMIS,2014
Suisse,Münchwilen (TG),Munchwilen (TG),MÜNCHWILEN (TG),2014
Suisse,Rickenbach (TG),Rickenbach (TG),RICKENBACH (TG),2014
Suisse,Schönholzerswilen,Schonholzerswilen,SCHÖNHOLZERSWILEN,2015
Suisse,Sirnach,Sirnach,SIRNACH,2014
Suisse,Tobel-Tägerschen,Tobel-Tagerschen,TOBEL-TÄGERSCHEN,2014
Suisse,Wängi,Wangi,WÄNGI,2014
Suisse,Wilen (TG),Wilen (TG),WILEN (TG),2014
Suisse,Wuppenau,Wuppenau,WUPPENAU,2015
Suisse,Berlingen,Berlingen,BERLINGEN,2012
Suisse,Eschenz,Eschenz,ESCHENZ,2012
Suisse,Herdern,Herdern,HERDERN,2012
Suisse,Homburg,Homburg,HOMBURG,2012
Suisse,Hüttwilen,Huttwilen,HÜTTWILEN,2012
Suisse,Mammern,Mammern,MAMMERN,2012
Suisse,Müllheim,Mullheim,MÜLLHEIM,2012
Suisse,Pfyn,Pfyn,PFYN,2012
Suisse,Raperswilen,Raperswilen,RAPERSWILEN,2013
Suisse,Salenstein,Salenstein,SALENSTEIN,2013
Suisse,Steckborn,Steckborn,STECKBORN,2012
Suisse,Wagenhausen,Wagenhausen,WAGENHAUSEN,2012
Suisse,Amlikon-Bissegg,Amlikon-Bissegg,AMLIKON-BISSEGG,2015
Suisse,Berg (TG),Berg (TG),BERG (TG),2015
Suisse,Birwinken,Birwinken,BIRWINKEN,2015
Suisse,Bürglen (TG),Burglen (TG),BÜRGLEN (TG),2015
Suisse,Bussnang,Bussnang,BUSSNANG,2015
Suisse,Märstetten,Marstetten,MÄRSTETTEN,2015
Suisse,Weinfelden,Weinfelden,WEINFELDEN,2015
Suisse,Wigoltingen,Wigoltingen,WIGOLTINGEN,2015
Suisse,Arbedo-Castione,Arbedo-Castione,ARBEDO-CASTIONE,2101
Suisse,Bellinzona,Bellinzona,BELLINZONA,2101
Suisse,Cadenazzo,Cadenazzo,CADENAZZO,2101
Suisse,Isone,Isone,ISONE,2101
Suisse,Lumino,Lumino,LUMINO,2101
Suisse,Sant'Antonino,Sant'Antonino,SANT'ANTONINO,2101
Suisse,Acquarossa,Acquarossa,ACQUAROSSA,2102
Suisse,Blenio,Blenio,BLENIO,2102
Suisse,Serravalle,Serravalle,SERRAVALLE,2102
Suisse,Airolo,Airolo,AIROLO,2103
Suisse,Bedretto,Bedretto,BEDRETTO,2103
Suisse,Bodio,Bodio,BODIO,2103
Suisse,Dalpe,Dalpe,DALPE,2103
Suisse,Faido,Faido,FAIDO,2103
Suisse,Giornico,Giornico,GIORNICO,2103
Suisse,Personico,Personico,PERSONICO,2103
Suisse,Pollegio,Pollegio,POLLEGIO,2103
Suisse,Prato (Leventina),Prato (Leventina),PRATO (LEVENTINA),2103
Suisse,Quinto,Quinto,QUINTO,2103
Suisse,Ascona,Ascona,ASCONA,2104
Suisse,Brione sopra Minusio,Brione sopra Minusio,BRIONE SOPRA MINUSIO,2104
Suisse,Brissago,Brissago,BRISSAGO,2104
Suisse,Gordola,Gordola,GORDOLA,2104
Suisse,Lavertezzo,Lavertezzo,LAVERTEZZO,2104
Suisse,Locarno,Locarno,LOCARNO,2104
Suisse,Losone,Losone,LOSONE,2104
Suisse,Mergoscia,Mergoscia,MERGOSCIA,2104
Suisse,Minusio,Minusio,MINUSIO,2104
Suisse,Muralto,Muralto,MURALTO,2104
Suisse,Orselina,Orselina,ORSELINA,2104
Suisse,Ronco sopra Ascona,Ronco sopra Ascona,RONCO SOPRA ASCONA,2104
Suisse,Tenero-Contra,Tenero-Contra,TENERO-CONTRA,2104
Suisse,Onsernone,Onsernone,ONSERNONE,2104
Suisse,Cugnasco-Gerra,Cugnasco-Gerra,CUGNASCO-GERRA,2104
Suisse,Agno,Agno,AGNO,2105
Suisse,Aranno,Aranno,ARANNO,2105
Suisse,Arogno,Arogno,AROGNO,2105
Suisse,Astano,Astano,ASTANO,2105
Suisse,Bedano,Bedano,BEDANO,2105
Suisse,Bedigliora,Bedigliora,BEDIGLIORA,2105
Suisse,Bioggio,Bioggio,BIOGGIO,2105
Suisse,Bissone,Bissone,BISSONE,2105
Suisse,Brusino Arsizio,Brusino Arsizio,BRUSINO ARSIZIO,2105
Suisse,Cademario,Cademario,CADEMARIO,2105
Suisse,Cadempino,Cadempino,CADEMPINO,2105
Suisse,Canobbio,Canobbio,CANOBBIO,2105
Suisse,Caslano,Caslano,CASLANO,2105
Suisse,Comano,Comano,COMANO,2105
Suisse,Cureglia,Cureglia,CUREGLIA,2105
Suisse,Curio,Curio,CURIO,2105
Suisse,Grancia,Grancia,GRANCIA,2105
Suisse,Gravesano,Gravesano,GRAVESANO,2105
Suisse,Lamone,Lamone,LAMONE,2105
Suisse,Lugano,Lugano,LUGANO,2105
Suisse,Magliaso,Magliaso,MAGLIASO,2105
Suisse,Manno,Manno,MANNO,2105
Suisse,Massagno,Massagno,MASSAGNO,2105
Suisse,Melide,Melide,MELIDE,2105
Suisse,Mezzovico-Vira,Mezzovico-Vira,MEZZOVICO-VIRA,2105
Suisse,Miglieglia,Miglieglia,MIGLIEGLIA,2105
Suisse,Morcote,Morcote,MORCOTE,2105
Suisse,Muzzano,Muzzano,MUZZANO,2105
Suisse,Neggio,Neggio,NEGGIO,2105
Suisse,Novaggio,Novaggio,NOVAGGIO,2105
Suisse,Origlio,Origlio,ORIGLIO,2105
Suisse,Paradiso,Paradiso,PARADISO,2105
Suisse,Ponte Capriasca,Ponte Capriasca,PONTE CAPRIASCA,2105
Suisse,Porza,Porza,PORZA,2105
Suisse,Pura,Pura,PURA,2105
Suisse,Savosa,Savosa,SAVOSA,2105
Suisse,Sorengo,Sorengo,SORENGO,2105
Suisse,Capriasca,Capriasca,CAPRIASCA,2105
Suisse,Torricella-Taverne,Torricella-Taverne,TORRICELLA-TAVERNE,2105
Suisse,Vernate,Vernate,VERNATE,2105
Suisse,Vezia,Vezia,VEZIA,2105
Suisse,Vico Morcote,Vico Morcote,VICO MORCOTE,2105
Suisse,Collina d'Oro,Collina d'Oro,COLLINA D'ORO,2105
Suisse,Alto Malcantone,Alto Malcantone,ALTO MALCANTONE,2105
Suisse,Monteceneri,Monteceneri,MONTECENERI,2105
Suisse,Tresa,Tresa,TRESA,2105
Suisse,Val Mara,Val Mara,VAL MARA,2105
Suisse,Balerna,Balerna,BALERNA,2106
Suisse,Castel San Pietro,Castel San Pietro,CASTEL SAN PIETRO,2106
Suisse,Chiasso,Chiasso,CHIASSO,2106
Suisse,Coldrerio,Coldrerio,COLDRERIO,2106
Suisse,Mendrisio,Mendrisio,MENDRISIO,2106
Suisse,Morbio Inferiore,Morbio Inferiore,MORBIO INFERIORE,2106
Suisse,Novazzano,Novazzano,NOVAZZANO,2106
Suisse,Riva San Vitale,Riva San Vitale,RIVA SAN VITALE,2106
Suisse,Stabio,Stabio,STABIO,2106
Suisse,Vacallo,Vacallo,VACALLO,2106
Suisse,Breggia,Breggia,BREGGIA,2106
Suisse,Biasca,Biasca,BIASCA,2107
Suisse,Riviera,Riviera,RIVIERA,2107
Suisse,Bosco/Gurin,Bosco/Gurin,BOSCO/GURIN,2108
Suisse,Campo (Vallemaggia),Campo (Vallemaggia),CAMPO (VALLEMAGGIA),2108
Suisse,Cerentino,Cerentino,CERENTINO,2108
Suisse,Cevio,Cevio,CEVIO,2108
Suisse,Linescio,Linescio,LINESCIO,2108
Suisse,Maggia,Maggia,MAGGIA,2108
Suisse,Lavizzara,Lavizzara,LAVIZZARA,2108
Suisse,Avegno Gordevio,Avegno Gordevio,AVEGNO GORDEVIO,2108
Suisse,Terre di Pedemonte,Terre di Pedemonte,TERRE DI PEDEMONTE,2104
Suisse,Centovalli,Centovalli,CENTOVALLI,2104
Suisse,Gambarogno,Gambarogno,GAMBAROGNO,2104
Suisse,Verzasca,Verzasca,VERZASCA,2104
Suisse,Aigle,Aigle,AIGLE,2221
Suisse,Bex,Bex,BEX,2221
Suisse,Chessel,Chessel,CHESSEL,2221
Suisse,Corbeyrier,Corbeyrier,CORBEYRIER,2221
Suisse,Gryon,Gryon,GRYON,2221
Suisse,Lavey-Morcles,Lavey-Morcles,LAVEY-MORCLES,2221
Suisse,Leysin,Leysin,LEYSIN,2221
Suisse,Noville,Noville,NOVILLE,2221
Suisse,Ollon,Ollon,OLLON,2221
Suisse,Ormont-Dessous,Ormont-Dessous,ORMONT-DESSOUS,2221
Suisse,Ormont-Dessus,Ormont-Dessus,ORMONT-DESSUS,2221
Suisse,Rennaz,Rennaz,RENNAZ,2221
Suisse,Roche (VD),Roche (VD),ROCHE (VD),2221
Suisse,Villeneuve (VD),Villeneuve (VD),VILLENEUVE (VD),2221
Suisse,Yvorne,Yvorne,YVORNE,2221
Suisse,Aubonne,Aubonne,AUBONNE,2227
Suisse,Ballens,Ballens,BALLENS,2227
Suisse,Berolle,Berolle,BEROLLE,2227
Suisse,Bière,Biere,BIÈRE,2227
Suisse,Bougy-Villars,Bougy-Villars,BOUGY-VILLARS,2227
Suisse,Féchy,Fechy,FÉCHY,2227
Suisse,Gimel,Gimel,GIMEL,2227
Suisse,Longirod,Longirod,LONGIROD,2228
Suisse,Marchissy,Marchissy,MARCHISSY,2228
Suisse,Mollens (VD),Mollens (VD),MOLLENS (VD),2227
Suisse,Saint-George,Saint-George,SAINT-GEORGE,2228
Suisse,Saint-Livres,Saint-Livres,SAINT-LIVRES,2227
Suisse,Saint-Oyens,Saint-Oyens,SAINT-OYENS,2227
Suisse,Saubraz,Saubraz,SAUBRAZ,2227
Suisse,Avenches,Avenches,AVENCHES,2222
Suisse,Cudrefin,Cudrefin,CUDREFIN,2222
Suisse,Faoug,Faoug,FAOUG,2222
Suisse,Vully-les-Lacs,Vully-les-Lacs,VULLY-LES-LACS,2222
Suisse,Bettens,Bettens,BETTENS,2223
Suisse,Bournens,Bournens,BOURNENS,2223
Suisse,Boussens,Boussens,BOUSSENS,2223
Suisse,La Chaux (Cossonay),La Chaux (Cossonay),LA CHAUX (COSSONAY),2227
Suisse,Chavannes-le-Veyron,Chavannes-le-Veyron,CHAVANNES-LE-VEYRON,2227
Suisse,Chevilly,Chevilly,CHEVILLY,2227
Suisse,Cossonay,Cossonay,COSSONAY,2227
Suisse,Cuarnens,Cuarnens,CUARNENS,2227
Suisse,Daillens,Daillens,DAILLENS,2223
Suisse,Dizy,Dizy,DIZY,2227
Suisse,Eclépens,Eclepens,ECLÉPENS,2227
Suisse,Ferreyres,Ferreyres,FERREYRES,2227
Suisse,Gollion,Gollion,GOLLION,2227
Suisse,Grancy,Grancy,GRANCY,2227
Suisse,L'Isle,L'Isle,L'ISLE,2227
Suisse,Lussery-Villars,Lussery-Villars,LUSSERY-VILLARS,2223
Suisse,Mauraz,Mauraz,MAURAZ,2227
Suisse,Mex (VD),Mex (VD),MEX (VD),2223
Suisse,Moiry,Moiry,MOIRY,2227
Suisse,Mont-la-Ville,Mont-la-Ville,MONT-LA-VILLE,2227
Suisse,Montricher,Montricher,MONTRICHER,2227
Suisse,Orny,Orny,ORNY,2227
Suisse,Penthalaz,Penthalaz,PENTHALAZ,2223
Suisse,Penthaz,Penthaz,PENTHAZ,2223
Suisse,Pompaples,Pompaples,POMPAPLES,2227
Suisse,La Sarraz,La Sarraz,LA SARRAZ,2227
Suisse,Senarclens,Senarclens,SENARCLENS,2227
Suisse,Sullens,Sullens,SULLENS,2223
Suisse,Vufflens-la-Ville,Vufflens-la-Ville,VUFFLENS-LA-VILLE,2223
Suisse,Assens,Assens,ASSENS,2223
Suisse,Bercher,Bercher,BERCHER,2223
Suisse,Bottens,Bottens,BOTTENS,2223
Suisse,Bretigny-sur-Morrens,Bretigny-sur-Morrens,BRETIGNY-SUR-MORRENS,2223
Suisse,Cugy (VD),Cugy (VD),CUGY (VD),2223
Suisse,Echallens,Echallens,ECHALLENS,2223
Suisse,Essertines-sur-Yverdon,Essertines-sur-Yverdon,ESSERTINES-SUR-YVERDON,2223
Suisse,Etagnières,Etagnieres,ETAGNIÈRES,2223
Suisse,Fey,Fey,FEY,2223
Suisse,Froideville,Froideville,FROIDEVILLE,2223
Suisse,Morrens (VD),Morrens (VD),MORRENS (VD),2223
Suisse,Oulens-sous-Echallens,Oulens-sous-Echallens,OULENS-SOUS-ECHALLENS,2223
Suisse,Pailly,Pailly,PAILLY,2223
Suisse,Penthéréaz,Penthereaz,PENTHÉRÉAZ,2223
Suisse,Poliez-Pittet,Poliez-Pittet,POLIEZ-PITTET,2223
Suisse,Rueyres,Rueyres,RUEYRES,2223
Suisse,Saint-Barthélemy (VD),Saint-Barthelemy (VD),SAINT-BARTHÉLEMY (VD),2223
Suisse,Villars-le-Terroir,Villars-le-Terroir,VILLARS-LE-TERROIR,2223
Suisse,Vuarrens,Vuarrens,VUARRENS,2223
Suisse,Montilliez,Montilliez,MONTILLIEZ,2223
Suisse,Goumoëns,Goumoens,GOUMOËNS,2223
Suisse,Bonvillars,Bonvillars,BONVILLARS,2224
Suisse,Bullet,Bullet,BULLET,2224
Suisse,Champagne,Champagne,CHAMPAGNE,2224
Suisse,Concise,Concise,CONCISE,2224
Suisse,Corcelles-près-Concise,Corcelles-pres-Concise,CORCELLES-PRÈS-CONCISE,2224
Suisse,Fiez,Fiez,FIEZ,2224
Suisse,Fontaines-sur-Grandson,Fontaines-sur-Grandson,FONTAINES-SUR-GRANDSON,2224
Suisse,Giez,Giez,GIEZ,2224
Suisse,Grandevent,Grandevent,GRANDEVENT,2224
Suisse,Grandson,Grandson,GRANDSON,2224
Suisse,Mauborget,Mauborget,MAUBORGET,2224
Suisse,Mutrux,Mutrux,MUTRUX,2224
Suisse,Novalles,Novalles,NOVALLES,2224
Suisse,Onnens (VD),Onnens (VD),ONNENS (VD),2224
Suisse,Provence,Provence,PROVENCE,2224
Suisse,Sainte-Croix,Sainte-Croix,SAINTE-CROIX,2224
Suisse,Tévenon,Tevenon,TÉVENON,2224
Suisse,Belmont-sur-Lausanne,Belmont-sur-Lausanne,BELMONT-SUR-LAUSANNE,2226
Suisse,Cheseaux-sur-Lausanne,Cheseaux-sur-Lausanne,CHESEAUX-SUR-LAUSANNE,2225
Suisse,Crissier,Crissier,CRISSIER,2229
Suisse,Epalinges,Epalinges,EPALINGES,2225
Suisse,Jouxtens-Mézery,Jouxtens-Mezery,JOUXTENS-MÉZERY,2225
Suisse,Lausanne,Lausanne,LAUSANNE,2225
Suisse,Le Mont-sur-Lausanne,Le Mont-sur-Lausanne,LE MONT-SUR-LAUSANNE,2225
Suisse,Paudex,Paudex,PAUDEX,2226
Suisse,Prilly,Prilly,PRILLY,2229
Suisse,Pully,Pully,PULLY,2226
Suisse,Renens (VD),Renens (VD),RENENS (VD),2229
Suisse,Romanel-sur-Lausanne,Romanel-sur-Lausanne,ROMANEL-SUR-LAUSANNE,2225
Suisse,Chexbres,Chexbres,CHEXBRES,2226
Suisse,Forel (Lavaux),Forel (Lavaux),FOREL (LAVAUX),2226
Suisse,Lutry,Lutry,LUTRY,2226
Suisse,Puidoux,Puidoux,PUIDOUX,2226
Suisse,Rivaz,Rivaz,RIVAZ,2226
Suisse,Saint-Saphorin (Lavaux),Saint-Saphorin (Lavaux),SAINT-SAPHORIN (LAVAUX),2226
Suisse,Savigny,Savigny,SAVIGNY,2226
Suisse,Bourg-en-Lavaux,Bourg-en-Lavaux,BOURG-EN-LAVAUX,2226
Suisse,Aclens,Aclens,ACLENS,2227
Suisse,Bremblens,Bremblens,BREMBLENS,2227
Suisse,Buchillon,Buchillon,BUCHILLON,2227
Suisse,Bussigny,Bussigny,BUSSIGNY,2229
Suisse,Chavannes-près-Renens,Chavannes-pres-Renens,CHAVANNES-PRÈS-RENENS,2229
Suisse,Chigny,Chigny,CHIGNY,2227
Suisse,Clarmont,Clarmont,CLARMONT,2227
Suisse,Denens,Denens,DENENS,2227
Suisse,Denges,Denges,DENGES,2227
Suisse,Echandens,Echandens,ECHANDENS,2227
Suisse,Echichens,Echichens,ECHICHENS,2227
Suisse,Ecublens (VD),Ecublens (VD),ECUBLENS (VD),2229
Suisse,Etoy,Etoy,ETOY,2227
Suisse,Lavigny,Lavigny,LAVIGNY,2227
Suisse,Lonay,Lonay,LONAY,2227
Suisse,Lully (VD),Lully (VD),LULLY (VD),2227
Suisse,Lussy-sur-Morges,Lussy-sur-Morges,LUSSY-SUR-MORGES,2227
Suisse,Morges,Morges,MORGES,2227
Suisse,Préverenges,Preverenges,PRÉVERENGES,2227
Suisse,Romanel-sur-Morges,Romanel-sur-Morges,ROMANEL-SUR-MORGES,2227
Suisse,Saint-Prex,Saint-Prex,SAINT-PREX,2227
Suisse,Saint-Sulpice (VD),Saint-Sulpice (VD),SAINT-SULPICE (VD),2229
Suisse,Tolochenaz,Tolochenaz,TOLOCHENAZ,2227
Suisse,Vaux-sur-Morges,Vaux-sur-Morges,VAUX-SUR-MORGES,2227
Suisse,Villars-Sainte-Croix,Villars-Sainte-Croix,VILLARS-SAINTE-CROIX,2229
Suisse,Villars-sous-Yens,Villars-sous-Yens,VILLARS-SOUS-YENS,2227
Suisse,Vufflens-le-Château,Vufflens-le-Chateau,VUFFLENS-LE-CHÂTEAU,2227
Suisse,Vullierens,Vullierens,VULLIERENS,2227
Suisse,Yens,Yens,YENS,2227
Suisse,Hautemorges,Hautemorges,HAUTEMORGES,2227
Suisse,Boulens,Boulens,BOULENS,2223
Suisse,Bussy-sur-Moudon,Bussy-sur-Moudon,BUSSY-SUR-MOUDON,2222
Suisse,Chavannes-sur-Moudon,Chavannes-sur-Moudon,CHAVANNES-SUR-MOUDON,2222
Suisse,Curtilles,Curtilles,CURTILLES,2222
Suisse,Dompierre (VD),Dompierre (VD),DOMPIERRE (VD),2222
Suisse,Hermenches,Hermenches,HERMENCHES,2222
Suisse,Lovatens,Lovatens,LOVATENS,2222
Suisse,Lucens,Lucens,LUCENS,2222
Suisse,Moudon,Moudon,MOUDON,2222
Suisse,Ogens,Ogens,OGENS,2223
Suisse,Prévonloup,Prevonloup,PRÉVONLOUP,2222
Suisse,Rossenges,Rossenges,ROSSENGES,2222
Suisse,Syens,Syens,SYENS,2222
Suisse,Villars-le-Comte,Villars-le-Comte,VILLARS-LE-COMTE,2222
Suisse,Vucherens,Vucherens,VUCHERENS,2222
Suisse,Montanaire,Montanaire,MONTANAIRE,2223
Suisse,Arnex-sur-Nyon,Arnex-sur-Nyon,ARNEX-SUR-NYON,2228
Suisse,Arzier-Le Muids,Arzier-Le Muids,ARZIER-LE MUIDS,2228
Suisse,Bassins,Bassins,BASSINS,2228
Suisse,Begnins,Begnins,BEGNINS,2228
Suisse,Bogis-Bossey,Bogis-Bossey,BOGIS-BOSSEY,2228
Suisse,Borex,Borex,BOREX,2228
Suisse,Chavannes-de-Bogis,Chavannes-de-Bogis,CHAVANNES-DE-BOGIS,2228
Suisse,Chavannes-des-Bois,Chavannes-des-Bois,CHAVANNES-DES-BOIS,2228
Suisse,Chéserex,Cheserex,CHÉSEREX,2228
Suisse,Coinsins,Coinsins,COINSINS,2228
Suisse,Commugny,Commugny,COMMUGNY,2228
Suisse,Coppet,Coppet,COPPET,2228
Suisse,Crans (VD),Crans (VD),CRANS (VD),2228
Suisse,Crassier,Crassier,CRASSIER,2228
Suisse,Duillier,Duillier,DUILLIER,2228
Suisse,Eysins,Eysins,EYSINS,2228
Suisse,Founex,Founex,FOUNEX,2228
Suisse,Genolier,Genolier,GENOLIER,2228
Suisse,Gingins,Gingins,GINGINS,2228
Suisse,Givrins,Givrins,GIVRINS,2228
Suisse,Gland,Gland,GLAND,2228
Suisse,Grens,Grens,GRENS,2228
Suisse,Mies,Mies,MIES,2228
Suisse,Nyon,Nyon,NYON,2228
Suisse,Prangins,Prangins,PRANGINS,2228
Suisse,La Rippe,La Rippe,LA RIPPE,2228
Suisse,Saint-Cergue,Saint-Cergue,SAINT-CERGUE,2228
Suisse,Signy-Avenex,Signy-Avenex,SIGNY-AVENEX,2228
Suisse,Tannay,Tannay,TANNAY,2228
Suisse,Trélex,Trelex,TRÉLEX,2228
Suisse,Le Vaud,Le Vaud,LE VAUD,2228
Suisse,Vich,Vich,VICH,2228
Suisse,L'Abergement,L'Abergement,L'ABERGEMENT,2224
Suisse,Agiez,Agiez,AGIEZ,2224
Suisse,Arnex-sur-Orbe,Arnex-sur-Orbe,ARNEX-SUR-ORBE,2224
Suisse,Ballaigues,Ballaigues,BALLAIGUES,2224
Suisse,Baulmes,Baulmes,BAULMES,2224
Suisse,Bavois,Bavois,BAVOIS,2224
Suisse,Bofflens,Bofflens,BOFFLENS,2224
Suisse,Bretonnières,Bretonnieres,BRETONNIÈRES,2224
Suisse,Chavornay,Chavornay,CHAVORNAY,2224
Suisse,Les Clées,Les Clees,LES CLÉES,2224
Suisse,Croy,Croy,CROY,2224
Suisse,Juriens,Juriens,JURIENS,2224
Suisse,Lignerolle,Lignerolle,LIGNEROLLE,2224
Suisse,Montcherand,Montcherand,MONTCHERAND,2224
Suisse,Orbe,Orbe,ORBE,2224
Suisse,La Praz,La Praz,LA PRAZ,2224
Suisse,Premier,Premier,PREMIER,2224
Suisse,Rances,Rances,RANCES,2224
Suisse,Romainmôtier-Envy,Romainmotier-Envy,ROMAINMÔTIER-ENVY,2224
Suisse,Sergey,Sergey,SERGEY,2224
Suisse,Valeyres-sous-Rances,Valeyres-sous-Rances,VALEYRES-SOUS-RANCES,2224
Suisse,Vallorbe,Vallorbe,VALLORBE,2224
Suisse,Vaulion,Vaulion,VAULION,2224
Suisse,Vuiteboeuf,Vuiteboeuf,VUITEBOEUF,2224
Suisse,Corcelles-le-Jorat,Corcelles-le-Jorat,CORCELLES-LE-JORAT,2222
Suisse,Maracon,Maracon,MARACON,2226
Suisse,Montpreveyres,Montpreveyres,MONTPREVEYRES,2226
Suisse,Ropraz,Ropraz,ROPRAZ,2222
Suisse,Servion,Servion,SERVION,2226
Suisse,Vulliens,Vulliens,VULLIENS,2222
Suisse,Jorat-Menthue,Jorat-Menthue,JORAT-MENTHUE,2223
Suisse,Oron,Oron,ORON,2226
Suisse,Jorat-Mézières,Jorat-Mezieres,JORAT-MÉZIÈRES,2226
Suisse,Champtauroz,Champtauroz,CHAMPTAUROZ,2222
Suisse,Chevroux,Chevroux,CHEVROUX,2222
Suisse,Corcelles-près-Payerne,Corcelles-pres-Payerne,CORCELLES-PRÈS-PAYERNE,2222
Suisse,Grandcour,Grandcour,GRANDCOUR,2222
Suisse,Henniez,Henniez,HENNIEZ,2222
Suisse,Missy,Missy,MISSY,2222
Suisse,Payerne,Payerne,PAYERNE,2222
Suisse,Trey,Trey,TREY,2222
Suisse,Treytorrens (Payerne),Treytorrens (Payerne),TREYTORRENS (PAYERNE),2222
Suisse,Villarzel,Villarzel,VILLARZEL,2222
Suisse,Valbroye,Valbroye,VALBROYE,2222
Suisse,Château-d'Oex,Chateau-d'Oex,CHÂTEAU-D'OEX,2230
Suisse,Rossinière,Rossiniere,ROSSINIÈRE,2230
Suisse,Rougemont,Rougemont,ROUGEMONT,2230
Suisse,Allaman,Allaman,ALLAMAN,2227
Suisse,Bursinel,Bursinel,BURSINEL,2228
Suisse,Bursins,Bursins,BURSINS,2228
Suisse,Burtigny,Burtigny,BURTIGNY,2228
Suisse,Dully,Dully,DULLY,2228
Suisse,Essertines-sur-Rolle,Essertines-sur-Rolle,ESSERTINES-SUR-ROLLE,2228
Suisse,Gilly,Gilly,GILLY,2228
Suisse,Luins,Luins,LUINS,2228
Suisse,Mont-sur-Rolle,Mont-sur-Rolle,MONT-SUR-ROLLE,2228
Suisse,Perroy,Perroy,PERROY,2228
Suisse,Rolle,Rolle,ROLLE,2228
Suisse,Tartegnin,Tartegnin,TARTEGNIN,2228
Suisse,Vinzel,Vinzel,VINZEL,2228
Suisse,L'Abbaye,L'Abbaye,L'ABBAYE,2224
Suisse,Le Chenit,Le Chenit,LE CHENIT,2224
Suisse,Le Lieu,Le Lieu,LE LIEU,2224
Suisse,Chardonne,Chardonne,CHARDONNE,2230
Suisse,Corseaux,Corseaux,CORSEAUX,2230
Suisse,Corsier-sur-Vevey,Corsier-sur-Vevey,CORSIER-SUR-VEVEY,2230
Suisse,Jongny,Jongny,JONGNY,2230
Suisse,Montreux,Montreux,MONTREUX,2230
Suisse,La Tour-de-Peilz,La Tour-de-Peilz,LA TOUR-DE-PEILZ,2230
Suisse,Vevey,Vevey,VEVEY,2230
Suisse,Veytaux,Veytaux,VEYTAUX,2230
Suisse,Blonay - Saint-Légier,Blonay - Saint-Legier,BLONAY - SAINT-LÉGIER,2230
Suisse,Belmont-sur-Yverdon,Belmont-sur-Yverdon,BELMONT-SUR-YVERDON,2224
Suisse,Bioley-Magnoux,Bioley-Magnoux,BIOLEY-MAGNOUX,2224
Suisse,Chamblon,Chamblon,CHAMBLON,2224
Suisse,Champvent,Champvent,CHAMPVENT,2224
Suisse,Chavannes-le-Chêne,Chavannes-le-Chene,CHAVANNES-LE-CHÊNE,2224
Suisse,Chêne-Pâquier,Chene-Paquier,CHÊNE-PÂQUIER,2224
Suisse,Cheseaux-Noréaz,Cheseaux-Noreaz,CHESEAUX-NORÉAZ,2224
Suisse,Cronay,Cronay,CRONAY,2224
Suisse,Cuarny,Cuarny,CUARNY,2224
Suisse,Démoret,Demoret,DÉMORET,2224
Suisse,Donneloye,Donneloye,DONNELOYE,2224
Suisse,Ependes (VD),Ependes (VD),EPENDES (VD),2224
Suisse,Mathod,Mathod,MATHOD,2224
Suisse,Molondin,Molondin,MOLONDIN,2224
Suisse,Montagny-près-Yverdon,Montagny-pres-Yverdon,MONTAGNY-PRÈS-YVERDON,2224
Suisse,Oppens,Oppens,OPPENS,2223
Suisse,Orges,Orges,ORGES,2224
Suisse,Orzens,Orzens,ORZENS,2224
Suisse,Pomy,Pomy,POMY,2224
Suisse,Rovray,Rovray,ROVRAY,2224
Suisse,Suchy,Suchy,SUCHY,2224
Suisse,Suscévaz,Suscevaz,SUSCÉVAZ,2224
Suisse,Treycovagnes,Treycovagnes,TREYCOVAGNES,2224
Suisse,Ursins,Ursins,URSINS,2224
Suisse,Valeyres-sous-Montagny,Valeyres-sous-Montagny,VALEYRES-SOUS-MONTAGNY,2224
Suisse,Valeyres-sous-Ursins,Valeyres-sous-Ursins,VALEYRES-SOUS-URSINS,2224
Suisse,Villars-Epeney,Villars-Epeney,VILLARS-EPENEY,2224
Suisse,Vugelles-La Mothe,Vugelles-La Mothe,VUGELLES-LA MOTHE,2224
Suisse,Yverdon-les-Bains,Yverdon-les-Bains,YVERDON-LES-BAINS,2224
Suisse,Yvonand,Yvonand,YVONAND,2224
Suisse,Brig-Glis,Brig-Glis,BRIG-GLIS,2301
Suisse,Eggerberg,Eggerberg,EGGERBERG,2301
Suisse,Naters,Naters,NATERS,2301
Suisse,Ried-Brig,Ried-Brig,RIED-BRIG,2301
Suisse,Simplon,Simplon,SIMPLON,2301
Suisse,Termen,Termen,TERMEN,2301
Suisse,Zwischbergen,Zwischbergen,ZWISCHBERGEN,2301
Suisse,Ardon,Ardon,ARDON,2302
Suisse,Chamoson,Chamoson,CHAMOSON,2302
Suisse,Conthey,Conthey,CONTHEY,2302
Suisse,Nendaz,Nendaz,NENDAZ,2302
Suisse,Vétroz,Vetroz,VÉTROZ,2302
Suisse,Bourg-Saint-Pierre,Bourg-Saint-Pierre,BOURG-SAINT-PIERRE,2303
Suisse,Liddes,Liddes,LIDDES,2303
Suisse,Orsières,Orsieres,ORSIÈRES,2303
Suisse,Sembrancher,Sembrancher,SEMBRANCHER,2303
Suisse,Val de Bagnes,Val de Bagnes,VAL DE BAGNES,2303
Suisse,Bellwald,Bellwald,BELLWALD,2304
Suisse,Binn,Binn,BINN,2304
Suisse,Ernen,Ernen,ERNEN,2304
Suisse,Fiesch,Fiesch,FIESCH,2304
Suisse,Fieschertal,Fieschertal,FIESCHERTAL,2304
Suisse,Lax,Lax,LAX,2304
Suisse,Obergoms,Obergoms,OBERGOMS,2304
Suisse,Goms,Goms,GOMS,2304
Suisse,Ayent,Ayent,AYENT,2305
Suisse,Evolène,Evolene,EVOLÈNE,2305
Suisse,Hérémence,Heremence,HÉRÉMENCE,2305
Suisse,Saint-Martin (VS),Saint-Martin (VS),SAINT-MARTIN (VS),2305
Suisse,Vex,Vex,VEX,2305
Suisse,Mont-Noble,Mont-Noble,MONT-NOBLE,2305
Suisse,Agarn,Agarn,AGARN,2306
Suisse,Albinen,Albinen,ALBINEN,2306
Suisse,Ergisch,Ergisch,ERGISCH,2306
Suisse,Inden,Inden,INDEN,2306
Suisse,Leuk,Leuk,LEUK,2306
Suisse,Leukerbad,Leukerbad,LEUKERBAD,2306
Suisse,Oberems,Oberems,OBEREMS,2306
Suisse,Salgesch,Salgesch,SALGESCH,2306
Suisse,Varen,Varen,VAREN,2306
Suisse,Guttet-Feschel,Guttet-Feschel,GUTTET-FESCHEL,2306
Suisse,Gampel-Bratsch,Gampel-Bratsch,GAMPEL-BRATSCH,2306
Suisse,Turtmann-Unterems,Turtmann-Unterems,TURTMANN-UNTEREMS,2306
Suisse,Bovernier,Bovernier,BOVERNIER,2307
Suisse,Fully,Fully,FULLY,2307
Suisse,Isérables,Iserables,ISÉRABLES,2307
Suisse,Leytron,Leytron,LEYTRON,2307
Suisse,Martigny,Martigny,MARTIGNY,2307
Suisse,Martigny-Combe,Martigny-Combe,MARTIGNY-COMBE,2307
Suisse,Riddes,Riddes,RIDDES,2307
Suisse,Saillon,Saillon,SAILLON,2307
Suisse,Saxon,Saxon,SAXON,2307
Suisse,Trient,Trient,TRIENT,2307
Suisse,Champéry,Champery,CHAMPÉRY,2308
Suisse,Collombey-Muraz,Collombey-Muraz,COLLOMBEY-MURAZ,2308
Suisse,Monthey,Monthey,MONTHEY,2308
Suisse,Port-Valais,Port-Valais,PORT-VALAIS,2308
Suisse,Saint-Gingolph,Saint-Gingolph,SAINT-GINGOLPH,2308
Suisse,Troistorrents,Troistorrents,TROISTORRENTS,2308
Suisse,Val-d'Illiez,Val-d'Illiez,VAL-D'ILLIEZ,2308
Suisse,Vionnaz,Vionnaz,VIONNAZ,2308
Suisse,Vouvry,Vouvry,VOUVRY,2308
Suisse,Bister,Bister,BISTER,2309
Suisse,Bitsch,Bitsch,BITSCH,2309
Suisse,Grengiols,Grengiols,GRENGIOLS,2309
Suisse,Riederalp,Riederalp,RIEDERALP,2309
Suisse,Ausserberg,Ausserberg,AUSSERBERG,2309
Suisse,Blatten,Blatten,BLATTEN,2309
Suisse,Bürchen,Burchen,BÜRCHEN,2309
Suisse,Eischoll,Eischoll,EISCHOLL,2309
Suisse,Ferden,Ferden,FERDEN,2309
Suisse,Kippel,Kippel,KIPPEL,2309
Suisse,Niedergesteln,Niedergesteln,NIEDERGESTELN,2309
Suisse,Raron,Raron,RARON,2309
Suisse,Unterbäch,Unterbach,UNTERBÄCH,2309
Suisse,Wiler (Lötschen),Wiler (Lotschen),WILER (LÖTSCHEN),2309
Suisse,Mörel-Filet,Morel-Filet,MÖREL-FILET,2309
Suisse,Steg-Hohtenn,Steg-Hohtenn,STEG-HOHTENN,2309
Suisse,Bettmeralp,Bettmeralp,BETTMERALP,2309
Suisse,Collonges,Collonges,COLLONGES,2310
Suisse,Dorénaz,Dorenaz,DORÉNAZ,2310
Suisse,Evionnaz,Evionnaz,EVIONNAZ,2310
Suisse,Finhaut,Finhaut,FINHAUT,2310
Suisse,Massongex,Massongex,MASSONGEX,2310
Suisse,Saint-Maurice,Saint-Maurice,SAINT-MAURICE,2310
Suisse,Salvan,Salvan,SALVAN,2310
Suisse,Vernayaz,Vernayaz,VERNAYAZ,2310
Suisse,Vérossaz,Verossaz,VÉROSSAZ,2310
Suisse,Chalais,Chalais,CHALAIS,2311
Suisse,Chippis,Chippis,CHIPPIS,2311
Suisse,Grône,Grone,GRÔNE,2311
Suisse,Icogne,Icogne,ICOGNE,2311
Suisse,Lens,Lens,LENS,2311
Suisse,Saint-Léonard,Saint-Leonard,SAINT-LÉONARD,2311
Suisse,Sierre,Sierre,SIERRE,2311
Suisse,Anniviers,Anniviers,ANNIVIERS,2311
Suisse,Crans-Montana,Crans-Montana,CRANS-MONTANA,2311
Suisse,Noble-Contrée,Noble-Contree,NOBLE-CONTRÉE,2311
Suisse,Arbaz,Arbaz,ARBAZ,2312
Suisse,Grimisuat,Grimisuat,GRIMISUAT,2312
Suisse,Savièse,Saviese,SAVIÈSE,2312
Suisse,Sion,Sion,SION,2312
Suisse,Veysonnaz,Veysonnaz,VEYSONNAZ,2312
Suisse,Baltschieder,Baltschieder,BALTSCHIEDER,2313
Suisse,Eisten,Eisten,EISTEN,2313
Suisse,Embd,Embd,EMBD,2313
Suisse,Grächen,Grachen,GRÄCHEN,2313
Suisse,Lalden,Lalden,LALDEN,2313
Suisse,Randa,Randa,RANDA,2313
Suisse,Saas-Almagell,Saas-Almagell,SAAS-ALMAGELL,2313
Suisse,Saas-Balen,Saas-Balen,SAAS-BALEN,2313
Suisse,Saas-Fee,Saas-Fee,SAAS-FEE,2313
Suisse,Saas-Grund,Saas-Grund,SAAS-GRUND,2313
Suisse,St. Niklaus,St. Niklaus,ST. NIKLAUS,2313
Suisse,Stalden (VS),Stalden (VS),STALDEN (VS),2313
Suisse,Staldenried,Staldenried,STALDENRIED,2313
Suisse,Täsch,Tasch,TÄSCH,2313
Suisse,Törbel,Torbel,TÖRBEL,2313
Suisse,Visp,Visp,VISP,2313
Suisse,Visperterminen,Visperterminen,VISPERTERMINEN,2313
Suisse,Zeneggen,Zeneggen,ZENEGGEN,2313
Suisse,Zermatt,Zermatt,ZERMATT,2313
Suisse,Boudry,Boudry,BOUDRY,2400
Suisse,Cortaillod,Cortaillod,CORTAILLOD,2400
Suisse,Rochefort,Rochefort,ROCHEFORT,2400
Suisse,Milvignes,Milvignes,MILVIGNES,2400
Suisse,La Grande Béroche,La Grande Beroche,LA GRANDE BÉROCHE,2400
Suisse,La Chaux-de-Fonds,La Chaux-de-Fonds,LA CHAUX-DE-FONDS,2400
Suisse,Les Planchettes,Les Planchettes,LES PLANCHETTES,2400
Suisse,La Sagne,La Sagne,LA SAGNE,2400
Suisse,La Brévine,La Brevine,LA BRÉVINE,2400
Suisse,Brot-Plamboz,Brot-Plamboz,BROT-PLAMBOZ,2400
Suisse,Le Cerneux-Péquignot,Le Cerneux-Pequignot,LE CERNEUX-PÉQUIGNOT,2400
Suisse,La Chaux-du-Milieu,La Chaux-du-Milieu,LA CHAUX-DU-MILIEU,2400
Suisse,Le Locle,Le Locle,LE LOCLE,2400
Suisse,Les Ponts-de-Martel,Les Ponts-de-Martel,LES PONTS-DE-MARTEL,2400
Suisse,Cornaux,Cornaux,CORNAUX,2400
Suisse,Cressier (NE),Cressier (NE),CRESSIER (NE),2400
Suisse,Le Landeron,Le Landeron,LE LANDERON,2400
Suisse,Lignières,Lignieres,LIGNIÈRES,2400
Suisse,Neuchâtel,Neuchatel,NEUCHÂTEL,2400
Suisse,Val-de-Ruz,Val-de-Ruz,VAL-DE-RUZ,2400
Suisse,La Côte-aux-Fées,La Cote-aux-Fees,LA CÔTE-AUX-FÉES,2400
Suisse,Les Verrières,Les Verrieres,LES VERRIÈRES,2400
Suisse,Val-de-Travers,Val-de-Travers,VAL-DE-TRAVERS,2400
Suisse,Laténa,Latena,LATÉNA,2400
Suisse,Aire-la-Ville,Aire-la-Ville,AIRE-LA-VILLE,2500
Suisse,Anières,Anieres,ANIÈRES,2500
Suisse,Avully,Avully,AVULLY,2500
Suisse,Avusy,Avusy,AVUSY,2500
Suisse,Bardonnex,Bardonnex,BARDONNEX,2500
Suisse,Bellevue,Bellevue,BELLEVUE,2500
Suisse,Bernex,Bernex,BERNEX,2500
Suisse,Carouge (GE),Carouge (GE),CAROUGE (GE),2500
Suisse,Cartigny,Cartigny,CARTIGNY,2500
Suisse,Céligny,Celigny,CÉLIGNY,2500
Suisse,Chancy,Chancy,CHANCY,2500
Suisse,Chêne-Bougeries,Chene-Bougeries,CHÊNE-BOUGERIES,2500
Suisse,Chêne-Bourg,Chene-Bourg,CHÊNE-BOURG,2500
Suisse,Choulex,Choulex,CHOULEX,2500
Suisse,Collex-Bossy,Collex-Bossy,COLLEX-BOSSY,2500
Suisse,Collonge-Bellerive,Collonge-Bellerive,COLLONGE-BELLERIVE,2500
Suisse,Cologny,Cologny,COLOGNY,2500
Suisse,Confignon,Confignon,CONFIGNON,2500
Suisse,Corsier (GE),Corsier (GE),CORSIER (GE),2500
Suisse,Dardagny,Dardagny,DARDAGNY,2500
Suisse,Genève,Geneve,GENÈVE,2500
Suisse,Genthod,Genthod,GENTHOD,2500
Suisse,Le Grand-Saconnex,Le Grand-Saconnex,LE GRAND-SACONNEX,2500
Suisse,Gy,Gy,GY,2500
Suisse,Hermance,Hermance,HERMANCE,2500
Suisse,Jussy,Jussy,JUSSY,2500
Suisse,Laconnex,Laconnex,LACONNEX,2500
Suisse,Lancy,Lancy,LANCY,2500
Suisse,Meinier,Meinier,MEINIER,2500
Suisse,Meyrin,Meyrin,MEYRIN,2500
Suisse,Onex,Onex,ONEX,2500
Suisse,Perly-Certoux,Perly-Certoux,PERLY-CERTOUX,2500
Suisse,Plan-les-Ouates,Plan-les-Ouates,PLAN-LES-OUATES,2500
Suisse,Pregny-Chambésy,Pregny-Chambesy,PREGNY-CHAMBÉSY,2500
Suisse,Presinge,Presinge,PRESINGE,2500
Suisse,Puplinge,Puplinge,PUPLINGE,2500
Suisse,Russin,Russin,RUSSIN,2500
Suisse,Satigny,Satigny,SATIGNY,2500
Suisse,Soral,Soral,SORAL,2500
Suisse,Thônex,Thonex,THÔNEX,2500
Suisse,Troinex,Troinex,TROINEX,2500
Suisse,Vandoeuvres,Vandoeuvres,VANDOEUVRES,2500
Suisse,Vernier,Vernier,VERNIER,2500
Suisse,Versoix,Versoix,VERSOIX,2500
Suisse,Veyrier,Veyrier,VEYRIER,2500
Suisse,Boécourt,Boecourt,BOÉCOURT,2601
Suisse,Bourrignon,Bourrignon,BOURRIGNON,2601
Suisse,Châtillon (JU),Chatillon (JU),CHÂTILLON (JU),2601
Suisse,Courchapoix,Courchapoix,COURCHAPOIX,2601
Suisse,Courrendlin,Courrendlin,COURRENDLIN,2601
Suisse,Courroux,Courroux,COURROUX,2601
Suisse,Courtételle,Courtetelle,COURTÉTELLE,2601
Suisse,Delémont,Delemont,DELÉMONT,2601
Suisse,Develier,Develier,DEVELIER,2601
Suisse,Ederswiler,Ederswiler,EDERSWILER,2601
Suisse,Mervelier,Mervelier,MERVELIER,2601
Suisse,Mettembert,Mettembert,METTEMBERT,2601
Suisse,Movelier,Movelier,MOVELIER,2601
Suisse,Pleigne,Pleigne,PLEIGNE,2601
Suisse,Rossemaison,Rossemaison,ROSSEMAISON,2601
Suisse,Saulcy,Saulcy,SAULCY,2601
Suisse,Soyhières,Soyhieres,SOYHIÈRES,2601
Suisse,Haute-Sorne,Haute-Sorne,HAUTE-SORNE,2601
Suisse,Val Terbi,Val Terbi,VAL TERBI,2601
Suisse,Le Bémont (JU),Le Bemont (JU),LE BÉMONT (JU),2602
Suisse,Les Bois,Les Bois,LES BOIS,2602
Suisse,Les Breuleux,Les Breuleux,LES BREULEUX,2602
Suisse,Les Enfers,Les Enfers,LES ENFERS,2602
Suisse,Les Genevez (JU),Les Genevez (JU),LES GENEVEZ (JU),2602
Suisse,Lajoux (JU),Lajoux (JU),LAJOUX (JU),2602
Suisse,Montfaucon,Montfaucon,MONTFAUCON,2602
Suisse,Muriaux,Muriaux,MURIAUX,2602
Suisse,Le Noirmont,Le Noirmont,LE NOIRMONT,2602
Suisse,Saignelégier,Saignelegier,SAIGNELÉGIER,2602
Suisse,Saint-Brais,Saint-Brais,SAINT-BRAIS,2602
Suisse,Soubey,Soubey,SOUBEY,2602
Suisse,Alle,Alle,ALLE,2603
Suisse,Boncourt,Boncourt,BONCOURT,2603
Suisse,Bure,Bure,BURE,2603
Suisse,Coeuve,Coeuve,COEUVE,2603
Suisse,Cornol,Cornol,CORNOL,2603
Suisse,Courchavon,Courchavon,COURCHAVON,2603
Suisse,Courgenay,Courgenay,COURGENAY,2603
Suisse,Courtedoux,Courtedoux,COURTEDOUX,2603
Suisse,Fahy,Fahy,FAHY,2603
Suisse,Fontenais,Fontenais,FONTENAIS,2603
Suisse,Grandfontaine,Grandfontaine,GRANDFONTAINE,2603
Suisse,Porrentruy,Porrentruy,PORRENTRUY,2603
Suisse,Vendlincourt,Vendlincourt,VENDLINCOURT,2603
Suisse,Basse-Allaine,Basse-Allaine,BASSE-ALLAINE,2603
Suisse,Clos du Doubs,Clos du Doubs,CLOS DU DOUBS,2603
Suisse,Haute-Ajoie,Haute-Ajoie,HAUTE-AJOIE,2603
Suisse,La Baroche,La Baroche,LA BAROCHE,2603
Suisse,Damphreux-Lugnez,Damphreux-Lugnez,DAMPHREUX-LUGNEZ,2603
Suisse,Basse-Vendline,Basse-Vendline,BASSE-VENDLINE,2603
